Date,Open,High,Low,Close,Volume,Day,Macro_Shock
"Apr 10, 2026","71,774.37","73,440.12","71,434.83","72,979.05","37,722,595,732",Weekday,1
"Apr 9, 2026","71,120.57","73,107.27","70,486.36","71,767.83","38,799,581,473",Weekday,0
"Apr 8, 2026","71,950.15","72,825.19","70,707.47","71,123.36","42,444,631,703",Weekday,1
"Apr 7, 2026","68,859.38","72,732.43","67,740.51","71,940.70","44,650,511,480",Weekday,0
"Apr 6, 2026","68,982.91","70,305.42","68,347.08","68,859.83","39,542,143,229",Weekday,0
"Apr 5, 2026","67,291.20","69,087.66","66,610.63","68,981.90","22,972,648,674",Weekend/Holiday,0
"Apr 4, 2026","66,938.65","67,515.02","66,769.64","67,290.52","15,878,814,963",Weekend/Holiday,0
"Apr 3, 2026","66,889.02","67,296.23","66,281.54","66,931.10","22,815,543,346",Weekend/Holiday,0
"Apr 2, 2026","68,077.90","68,633.15","65,725.26","66,888.57","39,323,384,518",Weekday,0
"Apr 1, 2026","68,232.89","69,230.36","67,555.36","68,078.55","36,465,393,617",Weekday,0
"Mar 31, 2026","66,694.59","68,495.27","65,950.44","68,233.31","42,997,691,338",Weekday,0
"Mar 30, 2026","65,958.35","68,087.29","65,759.80","66,691.45","37,694,994,180",Weekday,0
"Mar 29, 2026","66,319.70","67,052.95","64,971.71","65,954.92","21,645,889,785",Weekend/Holiday,0
"Mar 28, 2026","66,338.50","67,232.86","65,906.74","66,319.70","20,924,883,455",Weekend/Holiday,0
"Mar 27, 2026","68,790.84","69,117.53","65,532.57","66,338.38","46,483,453,594",Weekday,0
"Mar 26, 2026","71,310.12","71,410.39","68,118.35","68,791.63","38,962,070,215",Weekday,0
"Mar 25, 2026","70,520.05","71,985.74","70,383.59","71,309.88","35,409,791,747",Weekday,0
"Mar 24, 2026","70,912.67","71,371.30","68,920.70","70,517.86","40,181,522,399",Weekday,0
"Mar 23, 2026","67,843.00","71,782.26","67,458.84","70,914.86","51,508,669,357",Weekday,0
"Mar 22, 2026","68,737.45","69,561.77","67,372.88","67,845.21","30,108,051,508",Weekend/Holiday,0
"Mar 21, 2026","70,522.47","71,051.27","68,602.91","68,711.52","21,109,354,718",Weekend/Holiday,0
"Mar 20, 2026","69,911.53","71,346.80","69,398.88","70,522.59","38,299,078,407",Weekday,0
"Mar 19, 2026","71,250.35","71,598.84","68,805.52","69,912.79","44,631,433,398",Weekday,0
"Mar 18, 2026","73,936.85","74,658.98","70,503.86","71,245.58","46,229,011,155",Weekday,0
"Mar 17, 2026","74,855.30","75,988.40","73,444.23","73,922.48","49,500,721,728",Weekday,0
"Mar 16, 2026","72,798.17","74,901.86","72,300.63","74,861.09","55,572,438,409",Weekday,0
"Mar 15, 2026","71,213.68","73,173.01","70,882.42","72,789.91","27,991,268,669",Weekend/Holiday,0
"Mar 14, 2026","70,965.38","71,291.20","70,339.59","71,214.63","22,283,546,496",Weekend/Holiday,0
"Mar 13, 2026","70,497.05","73,927.33","70,410.73","70,968.27","61,167,226,505",Weekday,0
"Mar 12, 2026","70,209.77","70,775.83","69,230.16","70,493.46","40,871,848,129",Weekday,0
"Mar 11, 2026","69,931.25","71,337.66","68,998.87","70,204.88","45,236,859,848",Weekday,1
"Mar 10, 2026","68,402.72","71,770.90","68,402.72","69,926.92","54,003,996,096",Weekday,0
"Mar 9, 2026","65,969.59","69,474.95","65,858.01","68,402.38","49,499,875,378",Weekday,0
"Mar 8, 2026","67,272.50","68,177.79","65,639.20","65,969.78","33,195,080,116",Weekend/Holiday,0
"Mar 7, 2026","68,136.69","68,515.16","66,969.26","67,272.59","23,258,701,211",Weekend/Holiday,0
"Mar 6, 2026","70,842.16","71,378.57","67,757.82","68,136.49","43,776,962,871",Weekday,0
"Mar 5, 2026","72,712.66","73,555.79","70,654.88","70,841.13","51,172,841,727",Weekday,0
"Mar 4, 2026","68,290.56","74,051.80","67,437.41","72,710.58","75,073,101,274",Weekday,0
"Mar 3, 2026","68,785.08","69,232.89","66,237.62","68,293.65","47,947,999,049",Weekday,0
"Mar 2, 2026","65,734.08","70,044.00","65,303.14","68,775.85","56,698,092,052",Weekday,0
"Mar 1, 2026","67,005.88","68,162.82","65,076.73","65,738.10","40,733,141,929",Weekend/Holiday,0
"Feb 28, 2026","65,878.93","67,714.52","63,062.22","66,995.86","42,041,497,112",Weekend/Holiday,0
"Feb 27, 2026","67,456.52","68,220.41","64,946.04","65,881.80","40,283,655,942",Weekday,0
"Feb 26, 2026","67,954.87","68,843.35","66,523.73","67,453.77","42,988,597,523",Weekday,0
"Feb 25, 2026","64,077.77","69,953.53","63,942.48","67,960.13","53,629,234,355",Weekday,0
"Feb 24, 2026","64,616.02","64,992.16","62,553.19","64,080.04","40,849,331,086",Weekday,0
"Feb 23, 2026","67,668.43","67,668.43","63,924.44","64,616.74","50,953,457,309",Weekday,0
"Feb 22, 2026","67,998.83","68,235.23","67,185.60","67,659.39","17,893,536,012",Weekend/Holiday,0
"Feb 21, 2026","68,000.25","68,657.70","67,533.07","68,003.77","18,357,635,642",Weekend/Holiday,0
"Feb 20, 2026","66,958.58","68,269.03","66,452.48","68,005.42","47,507,867,304",Weekday,0
"Feb 19, 2026","66,425.63","67,277.13","65,637.43","66,957.52","31,492,987,019",Weekday,1
"Feb 18, 2026","67,488.02","68,434.43","65,845.90","66,425.32","33,094,301,643",Weekday,0
"Feb 17, 2026","68,843.09","69,201.87","66,615.28","67,494.22","34,866,936,040",Weekday,0
"Feb 16, 2026","68,782.40","70,067.23","67,301.59","68,843.16","33,618,145,426",Weekend/Holiday,0
"Feb 15, 2026","69,764.95","70,939.29","68,052.55","68,788.19","40,191,152,750",Weekend/Holiday,0
"Feb 14, 2026","68,856.98","70,481.16","68,706.62","69,767.63","36,012,397,645",Weekend/Holiday,0
"Feb 13, 2026","66,213.38","69,382.84","65,835.78","68,857.84","40,820,775,886",Weekday,1
"Feb 12, 2026","66,992.20","68,339.49","65,092.11","66,221.84","44,651,071,271",Weekday,0
"Feb 11, 2026","68,791.86","69,242.68","65,757.30","66,991.97","49,671,946,030",Weekday,0
"Feb 10, 2026","70,137.39","70,464.27","67,913.09","68,793.96","40,593,063,077",Weekday,0
"Feb 9, 2026","70,243.33","71,369.97","68,291.03","70,120.78","52,081,598,792",Weekday,0
"Feb 8, 2026","69,283.73","72,206.91","68,852.90","70,264.73","39,721,722,619",Weekend/Holiday,0
"Feb 7, 2026","70,553.80","71,611.15","67,364.45","69,281.97","62,347,107,663",Weekend/Holiday,0
"Feb 6, 2026","62,704.45","71,681.30","60,074.20","70,555.39","114,674,259,489",Weekday,0
"Feb 5, 2026","73,016.38","73,161.55","62,353.54","62,702.10","125,509,410,908",Weekday,0
"Feb 4, 2026","75,640.09","76,864.66","71,779.93","73,019.70","67,215,363,944",Weekday,0
"Feb 3, 2026","78,693.51","79,118.85","72,897.14","75,633.55","68,249,110,822",Weekday,0
"Feb 2, 2026","76,968.88","79,258.61","74,551.34","78,688.77","75,140,589,684",Weekday,0
"Feb 1, 2026","78,626.13","79,322.61","75,698.90","76,974.45","53,372,509,744",Weekend/Holiday,0
"Jan 31, 2026","84,126.50","84,136.92","75,815.88","78,621.12","70,479,259,159",Weekend/Holiday,0
"Jan 30, 2026","84,562.73","84,602.16","81,071.48","84,128.66","72,083,816,087",Weekday,0
"Jan 29, 2026","89,169.85","89,200.78","83,250.60","84,561.59","64,653,083,162",Weekday,0
"Jan 28, 2026","89,104.05","90,439.29","88,721.46","89,184.57","39,807,419,296",Weekday,0
"Jan 27, 2026","88,257.48","89,427.13","87,228.92","89,102.57","38,744,942,267",Weekday,0
"Jan 26, 2026","86,566.52","88,743.07","86,429.29","88,267.14","45,329,286,974",Weekday,0
"Jan 25, 2026","89,104.77","89,193.15","86,003.71","86,572.22","36,124,986,722",Weekend/Holiday,0
"Jan 24, 2026","89,506.15","89,811.61","89,044.29","89,110.73","14,558,687,712",Weekend/Holiday,0
"Jan 23, 2026","89,462.05","91,100.25","88,486.36","89,503.88","38,997,586,037",Weekday,0
"Jan 22, 2026","89,378.52","90,258.96","88,438.45","89,462.45","35,549,685,694",Weekday,0
"Jan 21, 2026","88,326.51","90,430.41","87,231.57","89,376.96","56,330,422,434",Weekday,0
"Jan 20, 2026","92,553.60","92,798.43","87,814.93","88,310.91","53,072,968,031",Weekday,0
"Jan 19, 2026","93,655.67","93,660.83","92,089.25","92,553.59","39,195,241,508",Weekend/Holiday,0
"Jan 18, 2026","95,101.18","95,491.51","93,588.87","93,634.43","20,809,781,232",Weekend/Holiday,0
"Jan 17, 2026","95,525.16","95,598.48","95,005.62","95,099.92","16,021,715,122",Weekend/Holiday,0
"Jan 16, 2026","95,554.10","95,801.89","94,259.27","95,525.12","33,248,170,537",Weekday,0
"Jan 15, 2026","96,931.29","97,150.17","95,103.24","95,551.19","53,086,363,027",Weekday,0
"Jan 14, 2026","95,322.91","97,860.60","94,583.05","96,929.33","60,592,490,863",Weekday,0
"Jan 13, 2026","91,185.34","96,011.63","90,941.93","95,321.78","54,980,674,354",Weekday,1
"Jan 12, 2026","90,825.86","92,395.52","90,055.02","91,192.99","41,346,275,358",Weekday,0
"Jan 11, 2026","90,385.36","91,155.23","90,212.02","90,827.46","17,165,568,977",Weekend/Holiday,0
"Jan 10, 2026","90,510.10","90,713.03","90,283.40","90,386.65","12,385,895,282",Weekend/Holiday,0
"Jan 9, 2026","91,026.27","91,910.67","89,625.38","90,513.10","38,305,906,684",Weekday,0
"Jan 8, 2026","91,309.64","91,485.85","89,233.88","91,027.13","42,386,697,030",Weekday,0
"Jan 7, 2026","93,727.47","93,738.79","90,601.80","91,308.05","43,461,295,053",Weekday,0
"Jan 6, 2026","93,876.95","94,395.30","91,286.55","93,729.03","52,430,605,257",Weekday,0
"Jan 5, 2026","91,414.63","94,762.07","91,414.63","93,882.55","53,376,407,252",Weekday,0
"Jan 4, 2026","90,603.00","91,712.59","90,595.10","91,413.49","26,770,491,368",Weekend/Holiday,0
"Jan 3, 2026","89,945.05","90,679.57","89,328.07","90,603.19","20,774,828,592",Weekend/Holiday,0
"Jan 2, 2026","88,733.06","90,884.46","88,298.62","89,944.70","46,398,906,171",Weekday,0
"Jan 1, 2026","87,508.05","88,803.23","87,399.41","88,731.98","18,849,043,990",Weekend/Holiday,0
"Dec 31, 2025","88,429.59","89,080.29","87,130.56","87,508.83","33,830,210,616",Weekday,1
"Dec 30, 2025","87,134.35","89,297.94","86,735.55","88,430.13","35,586,356,225",Weekday,0
"Dec 29, 2025","87,835.79","90,299.16","86,717.91","87,138.14","48,411,625,849",Weekday,0
"Dec 28, 2025","87,799.34","87,986.89","87,394.95","87,835.84","15,156,557,929",Weekend/Holiday,0
"Dec 27, 2025","87,301.43","87,874.78","87,182.98","87,802.16","13,741,199,310",Weekend/Holiday,0
"Dec 26, 2025","87,235.51","89,459.43","86,628.14","87,301.43","42,455,674,908",Weekday,0
"Dec 25, 2025","87,608.32","88,501.79","86,949.26","87,234.74","19,953,216,347",Weekend/Holiday,0
"Dec 24, 2025","87,404.32","87,956.88","86,411.80","87,611.96","25,550,297,986",Weekday,0
"Dec 23, 2025","88,490.03","88,898.38","86,606.98","87,414.00","43,683,011,533",Weekday,0
"Dec 22, 2025","88,621.40","90,501.93","87,908.07","88,490.02","38,047,472,118",Weekday,0
"Dec 21, 2025","88,344.70","89,027.95","87,613.20","88,621.75","19,845,522,660",Weekend/Holiday,0
"Dec 20, 2025","88,101.67","88,497.20","87,924.88","88,344.00","14,688,196,659",Weekend/Holiday,0
"Dec 19, 2025","85,476.13","89,339.12","85,107.66","88,103.38","46,733,310,561",Weekday,0
"Dec 18, 2025","86,144.37","89,412.66","84,436.31","85,462.51","52,667,115,348",Weekday,0
"Dec 17, 2025","87,847.62","90,264.57","85,316.27","86,143.76","44,243,392,914",Weekday,0
"Dec 16, 2025","86,424.41","88,170.09","85,381.69","87,843.98","41,262,178,223",Weekday,0
"Dec 15, 2025","88,171.08","89,983.92","85,304.08","86,419.78","45,559,514,323",Weekday,0
"Dec 14, 2025","90,296.44","90,498.11","87,634.94","88,175.18","50,465,972,205",Weekend/Holiday,0
"Dec 13, 2025","90,257.80","90,647.57","89,800.99","90,298.71","64,237,748,110",Weekend/Holiday,0
"Dec 12, 2025","92,513.66","92,747.93","89,532.60","90,270.41","80,275,884,583",Weekday,0
"Dec 11, 2025","92,011.30","93,554.27","89,335.30","92,511.34","64,532,834,621",Weekday,0
"Dec 10, 2025","92,695.23","94,477.16","91,640.13","92,020.95","65,420,694,513",Weekday,0
"Dec 9, 2025","90,639.70","94,601.57","89,586.98","92,691.71","66,861,721,440",Weekday,0
"Dec 8, 2025","90,424.59","92,267.12","89,644.89","90,640.20","57,394,099,056",Weekday,0
"Dec 7, 2025","89,277.81","91,740.84","87,799.56","90,405.64","47,394,898,960",Weekend/Holiday,0
"Dec 6, 2025","89,389.36","90,267.46","88,951.66","89,272.38","37,994,042,405",Weekend/Holiday,0
"Dec 5, 2025","92,133.65","92,702.64","88,152.14","89,387.76","63,256,398,633",Weekday,0
"Dec 4, 2025","93,454.26","94,038.24","90,976.10","92,141.63","64,538,402,681",Weekday,0
"Dec 3, 2025","91,345.09","94,060.77","91,056.39","93,527.80","77,650,204,986",Weekday,0
"Dec 2, 2025","86,322.54","92,316.63","86,202.20","91,350.20","78,546,798,211",Weekday,0
"Dec 1, 2025","90,389.11","90,398.16","83,862.25","86,321.57","87,962,894,424",Weekday,0
"Nov 30, 2025","90,838.21","91,965.05","90,394.31","90,394.31","38,497,902,869",Weekend/Holiday,0
"Nov 29, 2025","90,918.74","91,187.62","90,260.19","90,851.76","37,921,773,455",Weekend/Holiday,0
"Nov 28, 2025","91,285.38","92,969.09","90,257.12","90,919.27","60,895,830,289",Weekday,0
"Nov 27, 2025","90,517.77","91,897.58","90,089.52","91,285.38","57,040,622,845",Weekend/Holiday,0
"Nov 26, 2025","87,345.59","90,581.16","86,316.90","90,518.37","66,496,301,869",Weekday,0
"Nov 25, 2025","88,269.96","88,457.34","86,131.43","87,341.89","64,837,343,545",Weekday,0
"Nov 24, 2025","86,798.77","89,206.34","85,272.20","88,270.56","74,433,896,110",Weekday,0
"Nov 23, 2025","84,648.61","88,038.47","84,641.77","86,805.01","58,083,435,576",Weekend/Holiday,0
"Nov 22, 2025","85,098.56","85,503.01","83,490.90","84,648.36","40,793,099,246",Weekend/Holiday,0
"Nov 21, 2025","86,528.77","87,380.80","80,659.81","85,090.69","129,157,506,112",Weekday,0
"Nov 20, 2025","91,459.35","93,025.07","86,040.80","86,631.90","97,970,645,638",Weekday,1
"Nov 19, 2025","92,946.16","92,946.16","88,526.83","91,465.99","80,350,354,656",Weekday,0
"Nov 18, 2025","92,094.53","93,745.08","89,300.46","92,948.88","101,333,569,062",Weekday,0
"Nov 17, 2025","94,180.88","95,928.37","91,214.76","92,093.88","94,186,165,724",Weekday,0
"Nov 16, 2025","95,556.87","96,564.19","92,971.16","94,177.08","71,086,235,862",Weekend/Holiday,0
"Nov 15, 2025","94,420.47","96,728.47","94,420.47","95,549.15","38,500,716,654",Weekend/Holiday,0
"Nov 14, 2025","99,694.70","99,804.43","94,000.73","94,397.79","114,346,441,890",Weekday,0
"Nov 13, 2025","101,674.15","104,005.49","97,988.72","99,697.49","101,546,815,416",Weekday,0
"Nov 12, 2025","103,011.44","105,297.23","100,836.62","101,663.19","64,347,179,408",Weekday,0
"Nov 11, 2025","105,996.86","107,428.26","102,457.33","102,997.47","71,130,078,574",Weekday,0
"Nov 10, 2025","104,723.77","106,564.70","104,350.65","105,996.59","69,585,887,229",Weekday,0
"Nov 9, 2025","102,278.98","105,418.37","101,468.88","104,719.64","59,679,243,013",Weekend/Holiday,0
"Nov 8, 2025","103,371.70","103,373.56","101,458.04","102,282.12","51,446,691,095",Weekend/Holiday,0
"Nov 7, 2025","101,286.24","104,052.91","99,257.05","103,372.41","92,168,030,081",Weekday,0
"Nov 6, 2025","103,893.66","104,147.30","100,336.87","101,301.29","63,932,752,861",Weekday,0
"Nov 5, 2025","101,579.23","104,534.70","98,989.91","103,891.84","77,584,934,804",Weekday,0
"Nov 4, 2025","106,541.42","107,264.88","98,962.06","101,590.52","110,967,184,773",Weekday,0
"Nov 3, 2025","110,646.91","110,764.91","105,336.36","106,547.52","72,852,006,359",Weekday,0
"Nov 2, 2025","110,064.43","111,167.31","109,523.45","110,639.63","34,284,209,459",Weekend/Holiday,0
"Nov 1, 2025","109,558.63","110,574.90","109,372.95","110,064.02","25,871,668,762",Weekend/Holiday,0
"Oct 31, 2025","108,304.41","111,031.82","108,288.27","109,556.16","60,090,359,560",Weekday,0
"Oct 30, 2025","110,059.20","111,612.35","106,376.69","108,305.55","69,673,964,814",Weekday,0
"Oct 29, 2025","112,921.33","113,642.73","109,368.72","110,055.30","62,192,043,469",Weekday,0
"Oct 28, 2025","114,129.09","116,078.98","112,291.68","112,956.16","64,528,066,504",Weekday,0
"Oct 27, 2025","114,479.85","116,273.31","113,882.29","114,119.33","61,761,358,733",Weekday,0
"Oct 26, 2025","111,639.05","115,260.91","111,268.48","114,472.45","41,708,524,143",Weekend/Holiday,0
"Oct 25, 2025","111,032.62","111,947.70","110,704.41","111,641.73","24,707,667,305",Weekend/Holiday,0
"Oct 24, 2025","110,069.35","111,842.53","109,770.15","111,033.92","48,160,816,980",Weekday,1
"Oct 23, 2025","107,679.44","111,288.59","107,548.43","110,069.73","54,944,076,060",Weekday,0
"Oct 22, 2025","108,491.53","109,115.13","106,778.00","107,688.59","80,807,013,218",Weekday,0
"Oct 21, 2025","110,587.63","113,996.34","107,534.75","108,476.89","101,194,375,480",Weekday,0
"Oct 20, 2025","108,667.45","111,711.03","107,485.02","110,588.93","63,507,793,085",Weekday,0
"Oct 19, 2025","107,204.31","109,488.99","106,157.79","108,666.71","47,657,008,953",Weekend/Holiday,0
"Oct 18, 2025","106,483.73","107,490.98","106,387.45","107,198.27","37,779,905,278",Weekend/Holiday,0
"Oct 17, 2025","108,179.13","109,235.80","103,598.43","106,467.79","99,703,051,669",Weekday,0
"Oct 16, 2025","110,782.17","111,990.81","107,537.03","108,186.04","87,306,423,067",Weekday,0
"Oct 15, 2025","113,113.97","113,622.38","110,235.84","110,783.16","72,574,132,855",Weekday,0
"Oct 14, 2025","115,264.88","115,502.88","110,029.48","113,118.66","92,212,917,403",Weekday,0
"Oct 13, 2025","115,161.68","116,020.48","113,821.19","115,271.08","71,582,026,739",Weekday,0
"Oct 12, 2025","110,811.52","115,805.06","109,715.54","115,169.77","93,710,414,091",Weekend/Holiday,0
"Oct 11, 2025","113,236.43","113,429.73","109,760.56","110,807.88","110,236,934,340",Weekend/Holiday,0
"Oct 10, 2025","121,704.74","122,509.66","104,582.41","113,214.37","153,125,018,868",Weekday,0
"Oct 9, 2025","123,337.07","123,739.34","119,812.03","121,705.59","74,653,009,425",Weekday,0
"Oct 8, 2025","121,448.35","124,167.09","121,119.18","123,354.87","65,354,305,286",Weekday,1
"Oct 7, 2025","124,752.14","125,184.02","120,681.97","121,451.38","76,149,412,513",Weekday,0
"Oct 6, 2025","123,510.45","126,198.07","123,196.05","124,752.53","72,568,881,188",Weekday,0
"Oct 5, 2025","122,419.67","125,559.21","122,191.96","123,513.48","73,689,317,763",Weekend/Holiday,0
"Oct 4, 2025","122,267.47","122,857.64","121,577.57","122,425.43","36,769,171,735",Weekend/Holiday,0
"Oct 3, 2025","120,656.98","123,944.70","119,344.31","122,266.53","83,941,392,228",Weekday,0
"Oct 2, 2025","118,652.38","121,086.41","118,383.16","120,681.26","71,415,163,912",Weekday,0
"Oct 1, 2025","114,057.59","118,648.93","113,981.40","118,648.93","71,328,680,132",Weekday,0
"Sep 30, 2025","114,396.52","114,836.62","112,740.56","114,056.09","58,986,330,258",Weekday,0
"Sep 29, 2025","112,117.88","114,473.57","111,589.95","114,400.38","60,000,147,466",Weekday,0
"Sep 28, 2025","109,681.95","112,375.48","109,236.95","112,122.64","33,371,048,505",Weekend/Holiday,0
"Sep 27, 2025","109,707.14","109,778.50","109,144.30","109,681.95","26,308,042,910",Weekend/Holiday,0
"Sep 26, 2025","109,041.30","110,359.20","108,728.98","109,712.83","57,738,288,949",Weekday,0
"Sep 25, 2025","113,330.16","113,541.09","108,713.40","109,049.29","75,528,654,284",Weekday,0
"Sep 24, 2025","112,007.66","113,986.27","111,229.64","113,328.63","48,044,595,085",Weekday,0
"Sep 23, 2025","112,757.48","113,351.91","111,535.57","112,014.50","47,211,853,279",Weekday,0
"Sep 22, 2025","115,309.22","115,431.31","112,037.65","112,748.51","70,684,158,591",Weekday,0
"Sep 21, 2025","115,730.23","115,901.09","115,252.58","115,306.09","22,495,852,193",Weekend/Holiday,0
"Sep 20, 2025","115,691.13","116,191.15","115,473.52","115,721.96","22,864,449,614",Weekend/Holiday,0
"Sep 19, 2025","117,137.67","117,479.76","115,141.82","115,688.86","38,828,473,971",Weekday,0
"Sep 18, 2025","116,461.27","117,911.79","116,188.80","117,137.20","49,457,272,032",Weekday,0
"Sep 17, 2025","116,840.51","117,328.61","114,794.98","116,468.51","60,528,025,996",Weekday,0
"Sep 16, 2025","115,423.76","117,005.27","114,813.09","116,843.19","45,781,744,593",Weekday,0
"Sep 15, 2025","115,399.63","116,747.88","114,461.06","115,444.88","52,937,859,416",Weekday,0
"Sep 14, 2025","115,950.29","116,181.50","115,222.40","115,407.66","32,798,036,057",Weekend/Holiday,0
"Sep 13, 2025","116,093.56","116,334.63","115,248.27","115,950.51","34,549,454,947",Weekend/Holiday,0
"Sep 12, 2025","115,507.79","116,769.38","114,794.48","116,101.58","54,785,725,894",Weekday,0
"Sep 11, 2025","113,961.43","115,522.55","113,453.84","115,507.54","45,685,065,332",Weekday,1
"Sep 10, 2025","111,531.25","114,275.25","110,940.08","113,955.36","56,377,473,784",Weekday,0
"Sep 9, 2025","112,077.58","113,225.44","110,776.70","111,530.55","45,984,480,722",Weekday,0
"Sep 8, 2025","111,163.02","112,869.23","110,630.61","112,071.43","40,212,813,407",Weekday,0
"Sep 7, 2025","110,221.33","111,591.08","110,211.63","111,167.62","24,618,007,520",Weekend/Holiday,0
"Sep 6, 2025","110,650.57","111,275.02","110,024.09","110,224.70","21,500,719,036",Weekend/Holiday,0
"Sep 5, 2025","110,723.02","113,357.49","110,233.40","110,650.98","60,241,647,677",Weekday,0
"Sep 4, 2025","111,718.15","112,208.33","109,347.23","110,723.60","60,131,132,901",Weekday,0
"Sep 3, 2025","111,190.70","112,600.23","110,582.96","111,723.21","61,119,643,565",Weekday,0
"Sep 2, 2025","109,243.07","111,748.02","108,454.03","111,200.59","74,776,999,491",Weekday,0
"Sep 1, 2025","108,228.75","109,890.59","107,271.18","109,250.59","66,870,372,995",Weekend/Holiday,0
"Aug 31, 2025","108,818.46","109,491.00","108,104.66","108,236.71","47,986,191,770",Weekend/Holiday,0
"Aug 30, 2025","108,409.41","108,929.35","107,444.45","108,808.07","51,486,264,208",Weekend/Holiday,0
"Aug 29, 2025","112,550.52","112,619.05","107,559.63","108,410.84","77,843,379,644",Weekday,0
"Aug 28, 2025","111,219.05","113,450.08","110,900.92","112,544.80","58,860,155,962",Weekday,0
"Aug 27, 2025","111,795.71","112,619.41","110,398.27","111,222.06","62,137,056,409",Weekday,0
"Aug 26, 2025","110,124.10","112,397.02","108,762.04","111,802.66","69,396,320,317",Weekday,0
"Aug 25, 2025","113,456.90","113,637.84","109,324.28","110,124.35","85,706,860,190",Weekday,0
"Aug 24, 2025","115,387.39","115,615.09","111,060.55","113,458.43","73,961,489,632",Weekend/Holiday,0
"Aug 23, 2025","116,866.37","116,996.25","114,536.11","115,374.33","55,377,142,586",Weekend/Holiday,0
"Aug 22, 2025","112,433.73","117,377.40","111,678.95","116,874.09","82,528,088,240",Weekday,0
"Aug 21, 2025","114,275.69","114,802.65","111,986.23","112,419.03","57,817,883,700",Weekday,0
"Aug 20, 2025","112,828.02","114,625.80","112,387.96","114,274.74","67,993,811,526",Weekday,1
"Aug 19, 2025","116,241.86","116,764.50","112,730.40","112,831.18","71,657,600,353",Weekday,0
"Aug 18, 2025","117,453.91","117,614.17","114,723.68","116,252.31","72,787,808,090",Weekday,0
"Aug 17, 2025","117,492.79","118,595.77","117,279.52","117,453.06","45,852,169,525",Weekend/Holiday,0
"Aug 16, 2025","117,398.42","117,996.06","117,271.95","117,491.35","48,036,922,378",Weekend/Holiday,0
"Aug 15, 2025","118,365.78","119,332.31","116,864.57","117,398.35","68,665,353,159",Weekday,0
"Aug 14, 2025","123,339.40","124,457.12","117,254.88","118,359.58","104,055,627,395",Weekday,0
"Aug 13, 2025","120,168.98","123,682.45","118,939.63","123,344.06","90,904,808,795",Weekday,0
"Aug 12, 2025","118,717.66","120,302.47","118,228.72","120,172.91","72,803,657,984",Weekday,1
"Aug 11, 2025","119,306.81","122,321.09","118,159.03","118,731.45","90,528,784,177",Weekday,0
"Aug 10, 2025","116,497.72","119,320.71","116,485.16","119,306.76","64,755,458,694",Weekend/Holiday,0
"Aug 9, 2025","116,678.27","117,906.61","116,363.84","116,500.36","54,004,312,429",Weekend/Holiday,0
"Aug 8, 2025","117,505.50","117,689.20","115,917.46","116,688.73","59,713,005,166",Weekday,0
"Aug 7, 2025","115,030.05","117,676.91","114,279.71","117,496.90","64,051,649,681",Weekday,0
"Aug 6, 2025","114,140.91","115,737.84","113,372.25","115,028.00","56,379,133,510",Weekday,0
"Aug 5, 2025","115,072.19","115,117.44","112,701.11","114,141.45","61,039,182,286",Weekday,0
"Aug 4, 2025","114,223.92","115,729.47","114,130.41","115,071.88","35,783,028,986",Weekday,0
"Aug 3, 2025","112,525.80","114,747.42","111,943.80","114,217.67","48,099,615,826",Weekend/Holiday,0
"Aug 2, 2025","113,320.39","114,021.60","112,005.77","112,526.91","56,870,866,000",Weekend/Holiday,0
"Aug 1, 2025","115,738.95","116,060.77","112,724.45","113,320.09","91,294,530,181",Weekday,0
"Jul 31, 2025","117,833.63","118,919.98","115,505.22","115,758.20","69,370,346,018",Weekday,0
"Jul 30, 2025","117,921.99","118,780.73","115,800.83","117,831.19","68,896,148,592",Weekday,0
"Jul 29, 2025","117,938.59","119,273.87","116,987.37","117,922.15","68,463,107,433",Weekday,0
"Jul 28, 2025","119,457.52","119,819.79","117,441.44","117,924.48","64,822,943,193",Weekday,0
"Jul 27, 2025","117,944.73","119,815.59","117,859.69","119,448.49","54,683,390,892",Weekend/Holiday,0
"Jul 26, 2025","117,644.84","118,335.69","117,181.23","117,947.37","48,508,954,046",Weekend/Holiday,0
"Jul 25, 2025","118,368.00","118,486.98","114,759.82","117,635.88","104,857,024,569",Weekday,0
"Jul 24, 2025","118,770.98","119,535.45","117,247.97","118,368.00","72,627,318,560",Weekday,0
"Jul 23, 2025","119,997.45","120,113.35","117,391.39","118,754.96","66,608,604,537",Weekday,0
"Jul 22, 2025","117,426.50","120,269.97","116,233.23","119,995.41","79,217,583,118",Weekday,0
"Jul 21, 2025","117,306.47","119,671.56","116,584.40","117,439.54","69,820,091,744",Weekday,0
"Jul 20, 2025","117,944.11","118,865.03","116,550.13","117,300.79","57,515,447,231",Weekend/Holiday,0
"Jul 19, 2025","117,998.13","118,541.40","117,388.41","117,939.98","47,564,562,765",Weekend/Holiday,0
"Jul 18, 2025","119,284.11","120,851.91","116,925.98","118,003.23","77,945,799,785",Weekday,0
"Jul 17, 2025","118,738.51","120,999.61","117,508.22","119,289.84","72,363,841,798",Weekday,0
"Jul 16, 2025","117,777.19","120,065.52","117,064.82","118,738.51","72,162,029,070",Weekday,0
"Jul 15, 2025","119,853.85","119,935.56","115,765.69","117,777.19","98,321,661,181",Weekday,1
"Jul 14, 2025","119,115.79","123,091.61","118,959.20","119,849.70","181,746,419,401",Weekday,0
"Jul 13, 2025","117,432.20","119,449.57","117,265.44","119,116.12","49,021,091,807",Weekend/Holiday,0
"Jul 12, 2025","117,530.71","118,219.90","116,977.02","117,435.23","45,524,560,304",Weekend/Holiday,0
"Jul 11, 2025","115,986.23","118,856.48","115,245.69","117,516.99","86,928,361,085",Weekday,0
"Jul 10, 2025","111,329.20","116,608.78","110,660.75","115,987.20","95,911,605,728",Weekday,0
"Jul 9, 2025","108,950.27","111,925.38","108,357.68","111,326.55","57,927,418,065",Weekday,1
"Jul 8, 2025","108,298.23","109,198.97","107,499.55","108,950.27","44,282,204,127",Weekday,0
"Jul 7, 2025","109,235.33","109,710.25","107,527.05","108,299.85","45,415,696,597",Weekday,0
"Jul 6, 2025","108,231.19","109,731.63","107,847.02","109,232.07","36,746,020,463",Weekend/Holiday,0
"Jul 5, 2025","108,015.84","108,381.34","107,842.27","108,231.18","30,615,537,520",Weekend/Holiday,0
"Jul 4, 2025","109,635.66","109,751.98","107,296.38","108,034.34","42,616,442,656",Weekend/Holiday,0
"Jul 3, 2025","108,845.02","110,541.46","108,605.80","109,647.98","50,494,742,270",Weekday,0
"Jul 2, 2025","105,703.10","109,763.66","105,157.40","108,859.32","56,248,657,737",Weekday,0
"Jul 1, 2025","107,144.38","107,550.68","105,270.23","105,698.28","44,110,692,247",Weekday,0
"Jun 30, 2025","108,383.44","108,798.79","106,759.65","107,135.34","42,064,804,590",Weekday,0
"Jun 29, 2025","107,327.82","108,526.30","107,230.11","108,385.57","35,534,874,438",Weekend/Holiday,0
"Jun 28, 2025","107,090.55","107,567.88","106,883.98","107,327.70","30,037,708,335",Weekend/Holiday,0
"Jun 27, 2025","106,954.92","107,772.47","106,449.99","107,088.43","45,353,692,675",Weekday,0
"Jun 26, 2025","107,375.07","108,305.55","106,666.35","106,960.00","43,891,990,613",Weekday,0
"Jun 25, 2025","106,047.41","108,168.40","105,881.39","107,361.26","51,624,120,283",Weekday,0
"Jun 24, 2025","105,571.52","106,316.83","104,740.24","106,045.63","48,822,986,421",Weekday,0
"Jun 23, 2025","100,987.48","106,116.86","99,705.75","105,577.77","65,237,759,656",Weekday,0
"Jun 22, 2025","102,212.03","103,351.63","98,286.20","100,987.14","65,536,997,201",Weekend/Holiday,0
"Jun 21, 2025","103,315.08","104,015.78","100,973.06","102,257.41","38,360,555,118",Weekend/Holiday,0
"Jun 20, 2025","104,681.03","106,539.38","102,372.21","103,309.60","50,951,862,476",Weekday,0
"Jun 19, 2025","104,886.77","105,250.89","103,940.77","104,684.29","37,333,806,920",Weekend/Holiday,0
"Jun 18, 2025","104,602.07","105,581.85","103,602.27","104,883.33","47,318,089,133",Weekday,0
"Jun 17, 2025","106,794.12","107,750.20","103,396.53","104,601.12","55,964,092,176",Weekday,0
"Jun 16, 2025","105,555.59","108,915.38","104,997.63","106,796.76","50,366,626,945",Weekday,0
"Jun 15, 2025","105,464.84","106,157.10","104,519.88","105,552.02","36,744,307,742",Weekend/Holiday,0
"Jun 14, 2025","106,108.09","106,203.76","104,379.37","105,472.41","38,007,870,453",Weekend/Holiday,0
"Jun 13, 2025","105,924.59","106,182.55","102,822.02","106,090.97","69,550,440,846",Weekday,0
"Jun 12, 2025","108,685.91","108,780.70","105,785.69","105,929.05","54,843,867,968",Weekday,0
"Jun 11, 2025","110,261.80","110,384.22","108,086.33","108,686.63","50,842,662,052",Weekday,1
"Jun 10, 2025","110,295.69","110,380.13","108,367.71","110,257.23","54,700,101,509",Weekday,0
"Jun 9, 2025","105,793.02","110,561.42","105,400.23","110,294.10","55,903,193,732",Weekday,0
"Jun 8, 2025","105,617.51","106,497.06","105,075.33","105,793.65","36,626,232,328",Weekend/Holiday,0
"Jun 7, 2025","104,390.65","105,972.76","103,987.31","105,615.63","38,365,033,776",Weekend/Holiday,0
"Jun 6, 2025","101,574.37","105,376.77","101,169.57","104,390.34","48,856,653,697",Weekday,0
"Jun 5, 2025","104,750.78","105,936.69","100,436.88","101,575.95","57,479,298,400",Weekday,0
"Jun 4, 2025","105,434.37","105,997.70","104,232.70","104,731.98","44,544,857,105",Weekday,0
"Jun 3, 2025","105,888.48","106,813.58","104,920.84","105,432.47","46,196,508,367",Weekday,0
"Jun 2, 2025","105,649.81","105,958.31","103,727.55","105,881.53","45,819,706,290",Weekday,0
"Jun 1, 2025","104,637.30","105,884.55","103,826.95","105,652.10","37,397,056,873",Weekend/Holiday,0
"May 31, 2025","103,994.72","104,927.10","103,136.12","104,638.09","38,997,843,858",Weekend/Holiday,0
"May 30, 2025","105,646.21","106,308.95","103,685.79","103,998.57","57,655,287,183",Weekday,0
"May 29, 2025","107,795.57","108,910.05","105,374.40","105,641.76","56,022,752,042",Weekday,0
"May 28, 2025","108,992.17","109,298.29","106,812.93","107,802.33","49,155,377,493",Weekday,1
"May 27, 2025","109,440.41","110,744.21","107,609.55","108,994.64","57,450,176,272",Weekday,0
"May 26, 2025","109,023.78","110,376.88","108,735.64","109,440.37","45,950,461,571",Weekend/Holiday,0
"May 25, 2025","107,802.27","109,313.30","106,683.38","109,035.39","47,518,041,841",Weekend/Holiday,0
"May 24, 2025","107,278.51","109,454.52","106,895.29","107,791.16","45,903,627,163",Weekend/Holiday,0
"May 23, 2025","111,679.36","111,798.91","106,841.30","107,287.80","67,548,133,399",Weekday,0
"May 22, 2025","109,673.49","111,970.17","109,285.07","111,673.28","70,157,575,642",Weekday,0
"May 21, 2025","106,791.31","110,724.46","106,127.23","109,678.08","78,086,364,051",Weekday,0
"May 20, 2025","105,605.41","107,307.12","104,206.52","106,791.09","36,515,726,122",Weekday,0
"May 19, 2025","106,430.53","107,068.72","102,112.69","105,606.18","61,761,126,647",Weekday,0
"May 18, 2025","103,186.95","106,597.17","103,142.60","106,446.01","49,887,082,058",Weekend/Holiday,0
"May 17, 2025","103,489.29","103,716.95","102,659.18","103,191.09","37,898,552,742",Weekend/Holiday,0
"May 16, 2025","103,735.66","104,533.48","103,137.48","103,489.29","44,386,499,364",Weekday,0
"May 15, 2025","103,538.83","104,153.62","101,440.81","103,744.64","50,408,241,840",Weekday,0
"May 14, 2025","104,167.33","104,303.56","102,618.30","103,539.41","45,956,071,155",Weekday,0
"May 13, 2025","102,812.49","104,997.42","101,515.09","104,169.81","52,608,876,410",Weekday,1
"May 12, 2025","104,106.96","105,747.45","100,814.41","102,812.95","63,250,475,404",Weekday,0
"May 11, 2025","104,701.07","104,937.99","103,364.74","104,106.36","46,285,517,406",Weekend/Holiday,0
"May 10, 2025","102,973.71","104,961.77","102,830.48","104,696.33","42,276,713,994",Weekend/Holiday,0
"May 9, 2025","103,239.13","104,297.49","102,343.09","102,970.85","58,198,593,958",Weekday,0
"May 8, 2025","97,034.25","103,969.54","96,913.88","103,241.46","69,895,404,397",Weekday,0
"May 7, 2025","96,800.20","97,625.80","95,829.34","97,032.32","76,983,822,462",Weekday,0
"May 6, 2025","94,748.38","96,889.18","93,399.86","96,802.48","26,551,275,827",Weekday,0
"May 5, 2025","94,319.56","95,193.19","93,566.27","94,748.05","25,816,260,327",Weekday,0
"May 4, 2025","95,877.19","96,318.92","94,173.43","94,315.98","18,198,688,416",Weekend/Holiday,0
"May 3, 2025","96,904.63","96,943.88","95,821.29","95,891.80","15,775,154,889",Weekend/Holiday,0
"May 2, 2025","96,494.97","97,905.90","96,375.95","96,910.07","26,421,924,677",Weekday,0
"May 1, 2025","94,212.86","97,437.96","94,153.63","96,492.34","32,875,889,623",Weekday,0
"Apr 30, 2025","94,286.47","95,249.32","92,979.64","94,207.31","28,344,679,831",Weekday,0
"Apr 29, 2025","94,981.86","95,485.41","93,796.63","94,284.79","25,806,129,921",Weekday,0
"Apr 28, 2025","93,755.30","95,598.49","92,860.80","94,978.75","32,363,449,569",Weekday,0
"Apr 27, 2025","94,660.91","95,301.20","93,665.40","93,754.84","18,090,367,764",Weekend/Holiday,0
"Apr 26, 2025","94,714.65","95,251.36","93,927.25","94,646.93","17,612,825,123",Weekend/Holiday,0
"Apr 25, 2025","93,954.25","95,768.39","92,898.59","94,720.50","40,915,232,364",Weekday,0
"Apr 24, 2025","93,692.40","94,016.20","91,696.71","93,943.80","31,483,175,315",Weekday,0
"Apr 23, 2025","93,427.59","94,535.73","91,962.96","93,699.11","41,719,568,821",Weekday,0
"Apr 22, 2025","87,521.88","93,817.38","87,084.53","93,441.89","55,899,038,456",Weekday,0
"Apr 21, 2025","85,171.54","88,460.09","85,143.84","87,518.91","41,396,190,190",Weekday,0
"Apr 20, 2025","85,066.07","85,306.38","83,976.84","85,174.30","14,664,050,812",Weekend/Holiday,0
"Apr 19, 2025","84,450.87","85,597.70","84,353.46","85,063.41","15,259,300,427",Weekend/Holiday,0
"Apr 18, 2025","84,900.19","85,095.05","84,298.88","84,450.80","12,728,372,364",Weekend/Holiday,0
"Apr 17, 2025","84,030.67","85,449.07","83,749.75","84,895.75","21,276,866,029",Weekday,0
"Apr 16, 2025","83,674.51","85,428.28","83,100.62","84,033.87","29,617,804,112",Weekday,0
"Apr 15, 2025","84,539.70","86,429.35","83,598.82","83,668.99","28,040,322,885",Weekday,0
"Apr 14, 2025","83,694.52","85,785.00","83,690.64","84,542.39","34,090,769,777",Weekday,0
"Apr 13, 2025","85,279.47","86,015.19","83,027.01","83,684.98","28,796,984,817",Weekend/Holiday,0
"Apr 12, 2025","83,404.52","85,856.19","82,769.38","85,287.11","24,258,059,104",Weekend/Holiday,0
"Apr 11, 2025","79,625.05","84,247.48","78,936.32","83,404.84","41,656,778,779",Weekday,0
"Apr 10, 2025","82,565.98","82,700.93","78,456.13","79,626.14","44,718,000,633",Weekday,1
"Apr 9, 2025","76,273.56","83,541.00","74,589.67","82,573.95","84,213,627,038",Weekday,1
"Apr 8, 2025","79,218.48","80,823.89","76,198.02","76,271.95","48,314,590,749",Weekday,0
"Apr 7, 2025","78,221.34","81,119.06","74,436.68","79,235.34","91,262,424,987",Weekday,0
"Apr 6, 2025","83,504.51","83,704.72","77,097.74","78,214.48","36,294,853,736",Weekend/Holiday,0
"Apr 5, 2025","83,844.70","84,207.02","82,377.73","83,504.80","14,380,803,631",Weekend/Holiday,0
"Apr 4, 2025","83,100.25","84,696.15","81,670.75","83,843.80","45,157,640,207",Weekday,0
"Apr 3, 2025","82,487.48","83,909.30","81,282.10","83,102.83","36,852,112,080",Weekday,0
"Apr 2, 2025","85,180.61","88,466.95","82,343.54","82,485.71","47,584,398,470",Weekday,0
"Apr 1, 2025","82,551.92","85,487.37","82,429.36","85,169.17","28,175,650,319",Weekday,0
"Mar 31, 2025","82,336.06","83,870.13","81,293.89","82,548.91","29,004,228,247",Weekday,0
"Mar 30, 2025","82,596.98","83,505.00","81,573.25","82,334.52","14,763,760,943",Weekend/Holiday,0
"Mar 29, 2025","84,352.07","84,567.34","81,634.14","82,597.59","16,969,396,135",Weekend/Holiday,0
"Mar 28, 2025","87,185.23","87,489.86","83,557.64","84,353.15","34,198,619,509",Weekday,0
"Mar 27, 2025","86,896.26","87,786.73","85,837.94","87,177.10","24,413,471,941",Weekday,0
"Mar 26, 2025","87,460.23","88,292.16","85,861.45","86,900.88","26,704,046,038",Weekday,0
"Mar 25, 2025","87,512.82","88,542.40","86,346.08","87,471.70","30,005,840,049",Weekday,0
"Mar 24, 2025","86,070.93","88,758.73","85,541.20","87,498.91","34,582,604,933",Weekday,0
"Mar 23, 2025","83,831.90","86,094.78","83,794.91","86,054.38","12,594,615,537",Weekend/Holiday,0
"Mar 22, 2025","84,046.26","84,513.88","83,674.78","83,832.48","9,863,214,091",Weekend/Holiday,0
"Mar 21, 2025","84,164.54","84,782.27","83,171.07","84,043.24","19,030,452,299",Weekday,0
"Mar 20, 2025","86,872.95","87,443.27","83,647.20","84,167.20","29,028,988,961",Weekday,0
"Mar 19, 2025","82,718.80","87,021.19","82,569.73","86,854.23","34,931,960,257",Weekday,0
"Mar 18, 2025","84,075.72","84,075.72","81,179.99","82,718.50","24,095,774,594",Weekday,0
"Mar 17, 2025","82,576.34","84,725.33","82,492.16","84,075.69","25,092,785,558",Weekday,0
"Mar 16, 2025","84,333.32","85,051.60","82,017.91","82,579.69","21,330,270,174",Weekend/Holiday,0
"Mar 15, 2025","83,968.41","84,672.67","83,639.59","84,343.11","13,650,491,277",Weekend/Holiday,0
"Mar 14, 2025","81,066.99","85,263.29","80,797.56","83,969.10","29,588,112,414",Weekday,0
"Mar 13, 2025","83,724.92","84,301.70","79,931.85","81,066.70","31,412,940,153",Weekday,0
"Mar 12, 2025","82,857.38","84,358.58","80,635.25","83,722.36","40,353,484,454",Weekday,1
"Mar 11, 2025","78,523.88","83,577.76","76,624.25","82,862.21","54,702,837,196",Weekday,0
"Mar 10, 2025","80,597.15","83,955.93","77,420.59","78,532.00","54,061,099,422",Weekday,0
"Mar 9, 2025","86,154.30","86,471.13","80,052.48","80,601.04","30,899,345,977",Weekend/Holiday,0
"Mar 8, 2025","86,742.66","86,847.27","85,247.48","86,154.59","18,206,118,081",Weekend/Holiday,0
"Mar 7, 2025","89,963.28","91,191.05","84,717.68","86,742.67","65,945,677,657",Weekday,0
"Mar 6, 2025","90,622.36","92,804.94","87,852.14","89,961.73","47,749,810,486",Weekday,0
"Mar 5, 2025","87,222.95","90,998.24","86,379.77","90,623.56","50,498,988,027",Weekday,0
"Mar 4, 2025","86,064.07","88,911.27","81,529.24","87,222.20","68,095,241,474",Weekday,0
"Mar 3, 2025","94,248.42","94,429.75","85,081.30","86,065.67","70,072,228,536",Weekday,0
"Mar 2, 2025","86,036.26","95,043.44","85,040.21","94,248.35","58,398,341,092",Weekend/Holiday,0
"Mar 1, 2025","84,373.87","86,522.30","83,794.23","86,031.91","29,190,628,396",Weekend/Holiday,0
"Feb 28, 2025","84,705.63","85,036.32","78,248.91","84,373.01","83,610,570,576",Weekday,0
"Feb 27, 2025","84,076.86","87,000.78","83,144.96","84,704.23","52,659,591,954",Weekday,0
"Feb 26, 2025","88,638.89","89,286.25","82,131.90","84,347.02","64,597,492,134",Weekday,0
"Feb 25, 2025","91,437.12","92,511.08","86,008.23","88,736.17","92,139,104,128",Weekday,0
"Feb 24, 2025","96,277.96","96,503.45","91,371.74","91,418.17","44,046,480,529",Weekday,0
"Feb 23, 2025","96,577.80","96,671.88","95,270.45","96,273.92","16,999,478,976",Weekend/Holiday,0
"Feb 22, 2025","96,134.20","96,950.16","95,765.34","96,577.76","18,353,824,477",Weekend/Holiday,0
"Feb 21, 2025","98,340.67","99,497.97","94,852.96","96,125.55","49,608,706,470",Weekday,0
"Feb 20, 2025","96,632.68","98,767.20","96,442.67","98,333.94","31,668,022,771",Weekday,1
"Feb 19, 2025","95,532.53","96,855.59","95,011.97","96,635.61","28,990,872,862",Weekday,0
"Feb 18, 2025","95,773.81","96,695.38","93,388.84","95,539.55","37,325,720,482",Weekday,0
"Feb 17, 2025","96,179.01","97,032.23","95,243.55","95,773.38","27,336,550,690",Weekend/Holiday,0
"Feb 16, 2025","97,580.49","97,725.59","96,060.98","96,175.03","16,536,755,396",Weekend/Holiday,0
"Feb 15, 2025","97,508.38","97,975.04","97,240.20","97,580.35","17,047,266,288",Weekend/Holiday,0
"Feb 14, 2025","96,623.37","98,819.47","96,342.80","97,508.97","32,697,987,277",Weekday,0
"Feb 13, 2025","97,888.75","98,111.09","95,269.71","96,623.87","37,147,280,860",Weekday,0
"Feb 12, 2025","95,745.70","98,151.02","94,101.20","97,885.86","49,340,445,530",Weekday,1
"Feb 11, 2025","97,438.13","98,492.90","94,875.04","95,747.43","37,488,783,272",Weekday,0
"Feb 10, 2025","96,499.46","98,333.22","95,320.84","97,437.55","40,078,962,391",Weekday,0
"Feb 9, 2025","96,481.31","97,325.28","94,745.26","96,500.09","27,732,901,800",Weekend/Holiday,0
"Feb 8, 2025","96,533.26","96,877.80","95,702.49","96,482.45","22,447,526,395",Weekend/Holiday,0
"Feb 7, 2025","96,581.32","100,154.14","95,653.88","96,529.09","55,741,290,456",Weekday,0
"Feb 6, 2025","96,610.64","99,168.61","95,707.35","96,593.30","45,302,471,947",Weekday,0
"Feb 5, 2025","97,878.01","99,113.21","96,174.83","96,615.45","49,125,911,241",Weekday,0
"Feb 4, 2025","101,398.72","101,745.62","96,208.11","97,871.82","73,002,130,211",Weekday,0
"Feb 3, 2025","97,681.10","102,514.17","91,242.89","101,405.42","115,400,897,748",Weekday,0
"Feb 2, 2025","100,661.54","101,430.66","96,216.08","97,688.98","63,091,816,853",Weekend/Holiday,0
"Feb 1, 2025","102,402.80","102,755.73","100,297.71","100,655.91","27,757,944,848",Weekend/Holiday,0
"Jan 31, 2025","104,737.56","106,026.35","101,543.88","102,405.02","45,732,764,360",Weekday,0
"Jan 30, 2025","103,709.34","106,418.77","103,321.65","104,735.30","41,915,744,521",Weekday,0
"Jan 29, 2025","101,317.52","104,750.80","101,283.82","103,703.21","47,432,049,818",Weekday,0
"Jan 28, 2025","102,095.41","103,730.82","100,238.19","101,332.48","47,180,685,494",Weekday,0
"Jan 27, 2025","102,680.30","103,214.11","97,795.94","102,087.69","89,006,608,428",Weekday,0
"Jan 26, 2025","104,713.21","105,438.65","102,507.71","102,682.50","22,543,395,879",Weekend/Holiday,0
"Jan 25, 2025","104,824.03","105,243.79","104,120.38","104,714.65","23,888,996,502",Weekend/Holiday,0
"Jan 24, 2025","103,965.67","107,098.55","102,772.13","104,819.48","52,388,229,265",Weekday,0
"Jan 23, 2025","103,657.67","106,820.33","101,257.80","103,960.17","104,104,515,428",Weekday,0
"Jan 22, 2025","106,136.38","106,294.34","103,360.27","103,653.07","53,878,181,052",Weekday,0
"Jan 21, 2025","102,052.58","107,180.92","100,103.95","106,146.27","88,733,878,242",Weekday,0
"Jan 20, 2025","101,083.75","109,114.88","99,471.36","102,016.66","126,279,678,351",Weekend/Holiday,0
"Jan 19, 2025","104,411.29","106,299.80","99,570.53","101,089.61","76,789,928,525",Weekend/Holiday,0
"Jan 18, 2025","104,124.95","104,913.20","102,226.62","104,408.07","50,445,655,726",Weekend/Holiday,0
"Jan 17, 2025","100,025.77","105,884.23","99,948.91","104,462.04","71,888,972,663",Weekday,0
"Jan 16, 2025","100,505.30","100,781.59","97,364.45","99,756.91","54,103,781,805",Weekday,0
"Jan 15, 2025","96,534.05","100,697.23","96,501.64","100,504.49","57,805,923,627",Weekday,1
"Jan 14, 2025","94,519.01","97,352.66","94,322.16","96,534.05","53,769,675,818",Weekday,0
"Jan 13, 2025","94,488.89","95,837.00","89,260.10","94,516.52","72,978,998,252",Weekday,0
"Jan 12, 2025","94,565.73","95,367.54","93,712.51","94,488.44","20,885,130,965",Weekend/Holiday,0
"Jan 11, 2025","94,700.84","94,977.69","93,840.05","94,566.59","18,860,894,100",Weekend/Holiday,0
"Jan 10, 2025","92,494.49","95,770.61","92,250.09","94,701.45","62,058,693,684",Weekday,0
"Jan 9, 2025","95,043.48","95,349.72","91,220.84","92,484.04","62,777,261,693",Weekend/Holiday,1
"Jan 8, 2025","96,924.16","97,258.32","92,525.84","95,043.52","63,875,859,171",Weekday,0
"Jan 7, 2025","102,248.85","102,712.48","96,132.88","96,922.70","58,685,738,547",Weekday,0
"Jan 6, 2025","98,314.95","102,482.88","97,926.15","102,078.09","51,823,432,705",Weekday,0
"Jan 5, 2025","98,233.91","98,813.30","97,291.77","98,314.96","20,525,254,825",Weekend/Holiday,0
"Jan 4, 2025","98,106.99","98,734.43","97,562.98","98,236.23","22,342,608,078",Weekend/Holiday,0
"Jan 3, 2025","96,881.73","98,956.91","96,034.62","98,107.43","35,611,391,163",Weekday,0
"Jan 2, 2025","94,416.29","97,739.82","94,201.57","96,886.88","46,009,564,411",Weekday,0
"Jan 1, 2025","93,425.10","94,929.87","92,788.13","94,419.76","24,519,888,919",Weekend/Holiday,0
"Dec 31, 2024","92,643.25","96,090.60","91,914.03","93,429.20","43,625,106,843",Weekday,0
"Dec 30, 2024","93,527.20","94,903.32","91,317.13","92,643.21","56,188,003,691",Weekday,0
"Dec 29, 2024","95,174.05","95,174.88","92,881.79","93,530.23","29,635,885,267",Weekend/Holiday,0
"Dec 28, 2024","94,160.19","95,525.90","94,014.29","95,163.93","24,107,436,185",Weekend/Holiday,0
"Dec 27, 2024","95,704.98","97,294.84","93,310.74","94,164.86","52,419,934,565",Weekday,0
"Dec 26, 2024","99,297.70","99,884.57","95,137.88","95,795.52","47,054,980,873",Weekday,0
"Dec 25, 2024","98,675.91","99,478.75","97,593.47","99,299.20","33,700,394,629",Weekend/Holiday,0
"Dec 24, 2024","94,684.34","99,404.06","93,448.02","98,676.09","47,114,953,674",Weekday,0
"Dec 23, 2024","95,099.39","96,416.21","92,403.13","94,686.24","65,239,002,919",Weekday,0
"Dec 22, 2024","97,218.32","97,360.27","94,202.19","95,104.94","43,147,981,314",Weekend/Holiday,0
"Dec 21, 2024","97,756.20","99,507.10","96,426.52","97,224.73","51,765,334,294",Weekend/Holiday,0
"Dec 20, 2024","97,484.70","98,098.91","92,175.18","97,755.93","105,634,083,408",Weekday,0
"Dec 19, 2024","100,070.69","102,748.15","95,587.68","97,490.95","97,221,662,392",Weekday,0
"Dec 18, 2024","106,147.30","106,470.61","100,041.54","100,041.54","93,865,656,139",Weekday,0
"Dec 17, 2024","106,030.69","108,268.45","105,291.73","106,140.60","68,589,364,868",Weekday,0
"Dec 16, 2024","104,293.58","107,780.58","103,322.98","106,029.72","91,020,417,816",Weekday,0
"Dec 15, 2024","101,373.53","105,047.54","101,227.03","104,298.70","51,145,914,137",Weekend/Holiday,0
"Dec 14, 2024","101,451.44","102,618.88","100,634.05","101,372.97","40,422,968,793",Weekend/Holiday,0
"Dec 13, 2024","100,046.65","101,888.80","99,233.28","101,459.26","56,894,751,583",Weekday,0
"Dec 12, 2024","101,167.80","102,524.91","99,339.95","100,043.00","72,073,983,533",Weekday,0
"Dec 11, 2024","96,656.06","101,913.36","95,747.23","101,173.03","85,391,409,936",Weekday,1
"Dec 10, 2024","97,441.23","98,270.16","94,321.26","96,675.43","104,823,780,634",Weekday,0
"Dec 9, 2024","101,237.06","101,272.51","94,355.91","97,432.72","110,676,473,908",Weekday,0
"Dec 8, 2024","99,921.91","101,399.99","98,771.52","101,236.02","44,125,751,925",Weekend/Holiday,0
"Dec 7, 2024","99,916.71","100,563.38","99,030.88","99,923.34","44,177,510,897",Weekend/Holiday,0
"Dec 6, 2024","97,074.23","102,039.88","96,514.88","99,920.71","94,534,772,658",Weekday,0
"Dec 5, 2024","98,741.54","103,900.47","91,998.78","96,593.57","149,218,945,580",Weekday,0
"Dec 4, 2024","95,988.53","99,207.33","94,660.52","98,768.53","77,199,817,112",Weekday,0
"Dec 3, 2024","95,854.59","96,297.20","93,629.56","96,002.16","67,067,810,961",Weekday,0
"Dec 2, 2024","97,276.01","98,152.60","94,482.87","95,865.30","72,680,784,305",Weekday,0
"Dec 1, 2024","96,461.34","97,888.13","95,770.19","97,279.79","36,590,695,296",Weekend/Holiday,0
"Nov 30, 2024","97,468.81","97,499.34","96,144.22","96,449.05","31,634,227,866",Weekend/Holiday,0
"Nov 29, 2024","95,653.95","98,693.17","95,407.88","97,461.52","54,968,682,476",Weekday,0
"Nov 28, 2024","95,954.95","96,650.20","94,677.35","95,652.47","52,260,008,261",Weekend/Holiday,0
"Nov 27, 2024","91,978.14","97,361.18","91,778.66","95,962.53","71,133,452,438",Weekday,1
"Nov 26, 2024","93,087.28","94,991.75","90,770.81","91,985.32","91,656,519,855",Weekday,0
"Nov 25, 2024","98,033.45","98,935.03","92,642.91","93,102.30","80,909,462,490",Weekday,0
"Nov 24, 2024","97,778.09","98,647.18","95,788.08","98,013.82","51,712,020,623",Weekend/Holiday,0
"Nov 23, 2024","99,006.74","99,014.68","97,232.89","97,777.28","44,414,644,677",Weekend/Holiday,0
"Nov 22, 2024","98,496.43","99,655.50","97,222.66","98,997.66","78,473,580,551",Weekday,0
"Nov 21, 2024","94,334.64","99,014.22","94,132.60","98,504.73","106,024,505,582",Weekday,0
"Nov 20, 2024","92,341.89","94,902.02","91,619.50","94,339.49","71,730,956,426",Weekday,0
"Nov 19, 2024","90,536.81","94,002.87","90,426.98","92,343.79","74,521,048,295",Weekday,0
"Nov 18, 2024","89,843.72","92,596.79","89,393.59","90,542.64","75,535,775,084",Weekday,0
"Nov 17, 2024","90,558.46","91,433.04","88,741.66","89,845.85","46,350,159,305",Weekend/Holiday,0
"Nov 16, 2024","91,064.37","91,763.95","90,094.23","90,558.48","44,333,192,814",Weekend/Holiday,0
"Nov 15, 2024","87,284.18","91,868.74","87,124.90","91,066.01","78,243,109,518",Weekday,0
"Nov 14, 2024","90,574.88","91,765.22","86,682.81","87,250.43","87,616,705,248",Weekday,0
"Nov 13, 2024","87,929.97","93,434.35","86,256.93","90,584.16","123,559,027,869",Weekday,1
"Nov 12, 2024","88,705.56","89,956.88","85,155.11","87,955.81","133,673,285,375",Weekday,0
"Nov 11, 2024","80,471.41","89,604.50","80,283.25","88,701.48","117,966,845,037",Weekday,0
"Nov 10, 2024","76,775.55","81,474.42","76,565.43","80,474.19","82,570,594,495",Weekend/Holiday,0
"Nov 9, 2024","76,556.19","76,932.77","75,773.79","76,778.87","29,009,480,361",Weekend/Holiday,0
"Nov 8, 2024","75,902.84","77,252.75","75,648.74","76,545.48","55,176,858,003",Weekday,0
"Nov 7, 2024","75,637.09","76,943.12","74,480.42","75,904.86","63,467,654,989",Weekday,0
"Nov 6, 2024","69,358.50","76,460.16","69,322.03","75,639.08","118,592,653,963",Weekday,0
"Nov 5, 2024","67,811.17","70,522.79","67,458.87","69,359.56","46,046,889,204",Weekday,0
"Nov 4, 2024","68,742.13","69,433.18","66,803.65","67,811.51","41,184,819,348",Weekday,0
"Nov 3, 2024","69,296.38","69,361.66","67,482.52","68,741.12","34,868,307,655",Weekend/Holiday,0
"Nov 2, 2024","69,486.02","69,867.35","69,033.72","69,289.27","18,184,612,091",Weekend/Holiday,0
"Nov 1, 2024","70,216.90","71,559.02","68,779.70","69,482.47","49,989,795,365",Weekday,0
"Oct 31, 2024","72,335.05","72,662.31","69,590.50","70,215.19","40,627,912,076",Weekday,0
"Oct 30, 2024","72,715.37","72,905.30","71,411.73","72,339.54","40,646,637,831",Weekday,0
"Oct 29, 2024","69,910.05","73,577.21","69,729.91","72,720.49","58,541,874,402",Weekday,0
"Oct 28, 2024","67,922.67","70,212.27","67,535.13","69,907.76","38,799,856,657",Weekday,0
"Oct 27, 2024","67,023.48","68,221.31","66,847.23","67,929.30","16,721,307,878",Weekend/Holiday,0
"Oct 26, 2024","66,628.73","67,317.92","66,360.59","67,014.70","19,588,098,156",Weekend/Holiday,0
"Oct 25, 2024","68,165.30","68,722.16","65,521.79","66,642.41","41,469,984,306",Weekday,0
"Oct 24, 2024","66,653.70","68,798.96","66,454.10","68,161.05","31,414,428,647",Weekday,0
"Oct 23, 2024","67,362.38","67,402.74","65,188.04","66,432.20","32,263,980,353",Weekday,0
"Oct 22, 2024","67,360.70","67,801.58","66,581.37","67,361.41","31,808,472,566",Weekday,0
"Oct 21, 2024","69,002.00","69,462.73","66,829.85","67,367.85","37,498,611,780",Weekday,0
"Oct 20, 2024","68,364.18","69,359.01","68,105.72","69,001.70","18,975,847,518",Weekend/Holiday,0
"Oct 19, 2024","68,418.98","68,668.01","68,024.64","68,362.73","14,443,497,908",Weekend/Holiday,0
"Oct 18, 2024","67,419.11","68,969.75","67,177.82","68,418.79","36,857,165,014",Weekday,0
"Oct 17, 2024","67,617.08","67,912.21","66,647.39","67,399.84","32,790,898,511",Weekday,0
"Oct 16, 2024","67,042.46","68,375.29","66,758.73","67,612.72","38,195,189,534",Weekday,0
"Oct 15, 2024","66,050.37","67,881.68","64,809.20","67,041.11","48,863,870,879",Weekday,0
"Oct 14, 2024","62,848.40","66,482.49","62,442.15","66,046.13","43,706,958,056",Weekday,0
"Oct 13, 2024","63,192.95","63,272.65","62,035.64","62,851.38","18,177,529,690",Weekend/Holiday,0
"Oct 12, 2024","62,444.62","63,448.79","62,443.27","63,193.02","16,744,110,886",Weekend/Holiday,0
"Oct 11, 2024","60,275.46","63,400.87","60,046.13","62,445.09","30,327,141,594",Weekday,0
"Oct 10, 2024","60,581.93","61,236.72","58,895.21","60,274.50","30,452,813,570",Weekday,1
"Oct 9, 2024","62,131.73","62,508.84","60,314.61","60,582.10","27,670,982,363",Weekday,1
"Oct 8, 2024","62,221.64","63,174.30","61,843.56","62,131.97","28,134,475,157",Weekday,0
"Oct 7, 2024","62,819.11","64,443.71","62,152.55","62,236.66","34,253,562,610",Weekday,0
"Oct 6, 2024","62,084.99","62,959.57","61,833.15","62,818.95","14,776,233,667",Weekend/Holiday,0
"Oct 5, 2024","62,067.61","62,371.02","61,689.58","62,089.95","13,305,410,749",Weekend/Holiday,0
"Oct 4, 2024","60,754.63","62,465.99","60,459.94","62,067.48","29,585,472,513",Weekday,0
"Oct 3, 2024","60,632.48","61,469.04","59,878.80","60,759.40","36,106,447,279",Weekday,0
"Oct 2, 2024","60,836.32","62,357.69","59,996.95","60,632.79","40,762,722,398",Weekday,0
"Oct 1, 2024","63,335.61","64,110.98","60,189.28","60,837.01","50,220,923,500",Weekday,0
"Sep 30, 2024","65,634.66","65,635.05","62,873.62","63,329.50","37,112,957,475",Weekday,0
"Sep 29, 2024","65,888.90","66,069.34","65,450.02","65,635.30","14,788,214,575",Weekend/Holiday,0
"Sep 28, 2024","65,792.18","66,255.53","65,458.04","65,887.65","15,243,637,984",Weekend/Holiday,0
"Sep 27, 2024","65,180.66","66,480.70","64,852.99","65,790.66","32,058,813,449",Weekday,0
"Sep 26, 2024","63,138.55","65,790.80","62,669.27","65,181.02","36,873,129,847",Weekday,0
"Sep 25, 2024","64,302.59","64,804.50","62,945.38","63,143.14","25,078,377,700",Weekday,0
"Sep 24, 2024","63,326.84","64,695.21","62,737.42","64,301.97","29,938,335,243",Weekday,0
"Sep 23, 2024","63,643.10","64,733.56","62,628.08","63,329.80","31,400,285,425",Weekday,0
"Sep 22, 2024","63,396.80","63,993.42","62,440.73","63,648.71","20,183,348,802",Weekend/Holiday,0
"Sep 21, 2024","63,184.34","63,543.36","62,783.11","63,394.84","14,408,616,220",Weekend/Holiday,0
"Sep 20, 2024","62,941.43","64,119.53","62,364.61","63,192.98","35,177,164,222",Weekday,0
"Sep 19, 2024","61,651.16","63,872.44","61,609.87","62,940.46","42,710,252,573",Weekday,0
"Sep 18, 2024","60,309.00","61,664.07","59,218.25","61,649.68","40,990,702,891",Weekday,0
"Sep 17, 2024","58,192.51","61,316.09","57,628.07","60,308.54","38,075,570,118",Weekday,0
"Sep 16, 2024","59,185.23","59,205.51","57,501.34","58,192.51","32,032,822,113",Weekday,0
"Sep 15, 2024","60,000.73","60,381.92","58,696.31","59,182.84","18,120,960,867",Weekend/Holiday,0
"Sep 14, 2024","60,569.12","60,656.72","59,517.88","60,005.12","16,428,405,496",Weekend/Holiday,0
"Sep 13, 2024","58,130.32","60,648.02","57,650.11","60,571.30","32,490,528,356",Weekday,0
"Sep 12, 2024","57,343.17","58,534.36","57,330.10","58,127.01","33,835,707,949",Weekday,0
"Sep 11, 2024","57,650.29","57,991.32","55,567.34","57,343.17","37,049,062,672",Weekday,1
"Sep 10, 2024","57,020.10","58,029.98","56,419.41","57,648.71","28,857,630,507",Weekday,0
"Sep 9, 2024","54,851.89","58,041.13","54,598.43","57,019.54","34,618,096,173",Weekday,0
"Sep 8, 2024","54,147.93","55,300.86","53,653.76","54,841.57","18,268,287,531",Weekend/Holiday,0
"Sep 7, 2024","53,949.09","54,838.14","53,740.07","54,139.69","19,061,486,526",Weekend/Holiday,0
"Sep 6, 2024","56,160.19","56,976.11","52,598.70","53,948.75","49,361,693,566",Weekday,0
"Sep 5, 2024","57,971.70","58,300.58","55,712.45","56,160.49","31,030,280,656",Weekday,0
"Sep 4, 2024","57,430.35","58,511.57","55,673.16","57,971.54","35,627,680,312",Weekday,0
"Sep 3, 2024","59,106.19","59,815.06","57,425.17","57,431.02","26,666,961,053",Weekday,0
"Sep 2, 2024","57,326.97","59,403.07","57,136.03","59,112.48","27,036,454,524",Weekend/Holiday,0
"Sep 1, 2024","58,969.80","59,062.07","57,217.82","57,325.49","24,592,449,997",Weekend/Holiday,0
"Aug 31, 2024","59,117.48","59,432.59","58,768.79","58,969.90","12,403,470,760",Weekend/Holiday,0
"Aug 30, 2024","59,388.60","59,896.89","57,768.53","59,119.48","32,292,756,405",Weekday,0
"Aug 29, 2024","59,027.47","61,184.08","58,786.23","59,388.18","32,224,990,582",Weekday,0
"Aug 28, 2024","59,507.93","60,236.45","57,890.68","59,027.63","40,289,564,698",Weekday,0
"Aug 27, 2024","62,879.71","63,210.80","58,116.75","59,504.13","39,103,882,198",Weekday,0
"Aug 26, 2024","64,342.23","64,489.71","62,849.56","62,880.66","27,682,040,631",Weekday,0
"Aug 25, 2024","64,176.37","64,996.42","63,833.52","64,333.54","18,827,683,555",Weekend/Holiday,0
"Aug 24, 2024","64,103.87","64,513.79","63,619.92","64,178.99","21,430,585,163",Weekend/Holiday,0
"Aug 23, 2024","60,380.95","64,947.06","60,372.05","64,094.36","42,530,509,233",Weekday,0
"Aug 22, 2024","61,168.32","61,408.11","59,815.25","60,381.91","27,625,734,377",Weekday,0
"Aug 21, 2024","59,014.99","61,834.35","58,823.45","61,175.19","32,731,154,072",Weekday,1
"Aug 20, 2024","59,493.45","61,396.33","58,610.88","59,012.79","31,613,400,008",Weekday,0
"Aug 19, 2024","58,480.71","59,612.66","57,864.71","59,493.45","25,911,207,712",Weekday,0
"Aug 18, 2024","59,468.13","60,262.72","58,445.40","58,483.96","17,740,625,837",Weekend/Holiday,0
"Aug 17, 2024","58,893.53","59,694.67","58,814.83","59,478.97","13,589,684,021",Weekend/Holiday,0
"Aug 16, 2024","57,560.27","59,847.36","57,110.02","58,894.11","29,350,938,673",Weekday,0
"Aug 15, 2024","58,733.26","59,838.65","56,161.59","57,560.10","35,682,112,440",Weekday,0
"Aug 14, 2024","60,611.05","61,687.76","58,472.88","58,737.27","29,961,696,180",Weekday,1
"Aug 13, 2024","59,356.21","61,572.40","58,506.25","60,609.57","30,327,698,167",Weekday,0
"Aug 12, 2024","58,719.39","60,680.33","57,688.90","59,354.52","37,078,637,820",Weekday,0
"Aug 11, 2024","60,944.89","61,778.66","58,348.82","58,719.48","22,759,754,812",Weekend/Holiday,0
"Aug 10, 2024","60,881.23","61,464.51","60,287.57","60,945.81","15,745,822,278",Weekend/Holiday,0
"Aug 9, 2024","61,728.21","61,751.86","59,587.86","60,880.11","33,425,553,115",Weekday,0
"Aug 8, 2024","55,030.03","62,673.77","54,766.73","61,710.14","45,298,472,567",Weekday,0
"Aug 7, 2024","56,040.63","57,726.88","54,620.51","55,027.46","41,637,562,185",Weekday,0
"Aug 6, 2024","53,991.35","57,059.92","53,973.27","56,034.32","49,300,484,106",Weekday,0
"Aug 5, 2024","58,110.30","58,268.83","49,121.24","53,991.46","108,991,085,584",Weekday,0
"Aug 4, 2024","60,676.09","61,062.99","57,210.80","58,116.98","31,758,917,219",Weekend/Holiday,0
"Aug 3, 2024","61,414.81","62,148.37","59,836.53","60,680.09","31,753,030,589",Weekend/Holiday,0
"Aug 2, 2024","65,353.50","65,523.22","61,184.89","61,415.07","43,060,875,727",Weekday,0
"Aug 1, 2024","64,625.84","65,593.24","62,248.94","65,357.50","40,975,554,494",Weekday,0
"Jul 31, 2024","66,201.27","66,810.21","64,532.05","64,619.25","31,292,785,994",Weekday,0
"Jul 30, 2024","66,819.05","66,987.67","65,323.19","66,201.02","31,380,492,109",Weekday,0
"Jul 29, 2024","68,259.05","69,987.54","66,532.59","66,819.91","40,780,682,628",Weekday,0
"Jul 28, 2024","67,808.66","68,301.85","67,085.83","68,255.87","18,043,166,945",Weekend/Holiday,0
"Jul 27, 2024","67,911.81","69,398.51","66,705.22","67,813.34","34,691,905,492",Weekend/Holiday,0
"Jul 26, 2024","65,771.81","68,207.60","65,743.77","67,912.06","30,488,630,457",Weekday,0
"Jul 25, 2024","65,375.88","66,112.42","63,473.47","65,777.23","38,315,761,670",Weekday,0
"Jul 24, 2024","65,927.86","67,113.98","65,147.00","65,372.13","27,470,942,309",Weekday,0
"Jul 23, 2024","67,584.80","67,779.02","65,484.46","65,927.67","35,605,668,666",Weekday,0
"Jul 22, 2024","68,152.98","68,480.06","66,611.30","67,585.25","42,649,109,453",Weekday,0
"Jul 21, 2024","67,164.91","68,372.91","65,842.30","68,154.52","26,652,190,004",Weekend/Holiday,0
"Jul 20, 2024","66,709.92","67,610.73","66,299.62","67,163.65","19,029,581,250",Weekend/Holiday,0
"Jul 19, 2024","63,972.32","67,442.64","63,329.34","66,710.16","37,003,855,410",Weekday,0
"Jul 18, 2024","64,104.74","65,104.66","63,246.16","63,974.07","27,239,305,337",Weekday,0
"Jul 17, 2024","65,091.83","66,066.73","63,896.09","64,118.79","32,525,071,311",Weekday,0
"Jul 16, 2024","64,784.42","65,354.34","62,487.97","65,097.15","41,617,346,768",Weekday,0
"Jul 15, 2024","60,815.46","64,870.15","60,704.93","64,870.15","38,094,526,099",Weekday,0
"Jul 14, 2024","59,225.25","61,329.53","59,225.25","60,787.79","22,223,416,061",Weekend/Holiday,0
"Jul 13, 2024","57,908.74","59,787.08","57,796.44","59,231.95","17,080,061,806",Weekend/Holiday,0
"Jul 12, 2024","57,341.20","58,532.55","56,590.18","57,899.46","25,604,805,221",Weekday,0
"Jul 11, 2024","57,729.89","59,299.43","57,120.38","57,344.91","28,707,803,842",Weekday,1
"Jul 10, 2024","58,033.88","59,359.43","57,178.41","57,742.50","26,175,260,526",Weekday,0
"Jul 9, 2024","56,704.60","58,239.20","56,316.88","58,009.23","27,849,512,607",Weekday,0
"Jul 8, 2024","55,849.57","58,131.34","54,321.02","56,705.10","39,766,159,899",Weekday,0
"Jul 7, 2024","58,239.43","58,371.12","55,793.32","55,849.11","20,553,359,505",Weekend/Holiday,0
"Jul 6, 2024","56,659.07","58,472.55","56,038.96","58,303.54","20,610,320,577",Weekend/Holiday,0
"Jul 5, 2024","57,022.81","57,497.15","53,717.38","56,662.38","55,417,544,033",Weekday,0
"Jul 4, 2024","60,147.14","60,399.68","56,777.80","56,977.70","41,149,609,230",Weekend/Holiday,0
"Jul 3, 2024","62,034.33","62,187.70","59,419.39","60,173.92","29,756,701,685",Weekday,1
"Jul 2, 2024","62,844.41","63,203.36","61,752.75","62,029.02","20,151,616,992",Weekday,0
"Jul 1, 2024","62,673.61","63,777.23","62,495.51","62,851.98","25,468,379,421",Weekday,0
"Jun 30, 2024","60,888.45","62,892.83","60,632.95","62,678.29","17,333,226,409",Weekend/Holiday,0
"Jun 29, 2024","60,319.88","61,097.62","60,300.96","60,887.38","12,652,903,396",Weekend/Holiday,0
"Jun 28, 2024","61,612.80","62,126.10","59,985.40","60,320.14","24,952,866,877",Weekday,0
"Jun 27, 2024","60,811.23","62,293.86","60,585.33","61,604.80","21,231,745,045",Weekday,0
"Jun 26, 2024","61,789.68","62,434.14","60,695.19","60,811.28","22,506,003,064",Weekday,0
"Jun 25, 2024","60,266.28","62,258.26","60,239.75","61,804.64","29,201,215,431",Weekday,0
"Jun 24, 2024","63,173.35","63,292.53","58,601.70","60,277.41","43,152,133,651",Weekday,0
"Jun 23, 2024","64,248.96","64,491.70","63,180.80","63,180.80","11,170,471,802",Weekend/Holiday,0
"Jun 22, 2024","64,113.86","64,475.47","63,929.76","64,252.58","9,858,198,793",Weekend/Holiday,0
"Jun 21, 2024","64,837.99","65,007.55","63,378.89","64,096.20","26,188,171,739",Weekday,0
"Jun 20, 2024","64,960.30","66,438.96","64,547.85","64,828.66","25,641,109,124",Weekday,0
"Jun 19, 2024","65,146.66","65,695.35","64,693.30","64,960.30","21,103,423,504",Weekend/Holiday,0
"Jun 18, 2024","66,490.98","66,556.70","64,066.96","65,140.75","39,481,285,950",Weekday,0
"Jun 17, 2024","66,636.52","67,188.32","65,094.96","66,490.30","30,006,354,476",Weekday,0
"Jun 16, 2024","66,189.36","66,894.84","66,018.25","66,639.05","13,281,140,541",Weekend/Holiday,0
"Jun 15, 2024","66,006.74","66,402.19","65,871.77","66,191.00","14,121,265,576",Weekend/Holiday,0
"Jun 14, 2024","66,747.57","67,294.65","65,056.89","66,011.09","27,403,884,779",Weekday,0
"Jun 13, 2024","68,243.10","68,365.78","66,304.56","66,756.40","28,955,204,146",Weekday,0
"Jun 12, 2024","67,321.38","69,977.89","66,902.45","68,241.19","34,497,940,694",Weekday,0
"Jun 11, 2024","69,508.08","69,549.41","66,123.60","67,332.03","37,116,136,345",Weekday,0
"Jun 10, 2024","69,644.31","70,146.07","69,232.42","69,512.28","20,597,699,541",Weekday,0
"Jun 9, 2024","69,297.49","69,817.52","69,160.84","69,647.99","13,534,028,500",Weekend/Holiday,0
"Jun 8, 2024","69,324.18","69,533.32","69,210.74","69,305.77","14,262,185,861",Weekend/Holiday,0
"Jun 7, 2024","70,759.19","71,907.85","68,507.26","69,342.59","36,188,381,096",Weekday,0
"Jun 6, 2024","71,082.84","71,625.73","70,119.13","70,757.16","25,223,152,007",Weekday,0
"Jun 5, 2024","70,568.35","71,735.41","70,390.71","71,082.82","32,810,771,409",Weekday,0
"Jun 4, 2024","68,804.57","71,047.41","68,564.64","70,567.77","33,149,696,545",Weekday,0
"Jun 3, 2024","67,753.90","70,230.82","67,589.84","68,804.78","32,401,285,324",Weekday,0
"Jun 2, 2024","67,710.27","68,409.16","67,315.52","67,751.60","17,110,588,415",Weekend/Holiday,0
"Jun 1, 2024","67,489.61","67,839.77","67,386.20","67,706.94","11,641,495,604",Weekend/Holiday,0
"May 31, 2024","68,362.52","68,999.56","66,633.42","67,491.41","27,387,283,769",Weekday,0
"May 30, 2024","67,576.09","69,500.54","67,118.08","68,364.99","29,509,712,534",Weekday,0
"May 29, 2024","68,296.35","68,852.46","67,101.49","67,578.09","26,707,072,906",Weekday,0
"May 28, 2024","69,392.20","69,514.64","67,227.16","68,296.22","32,722,265,965",Weekday,0
"May 27, 2024","68,512.18","70,597.88","68,232.50","69,394.55","25,870,990,717",Weekend/Holiday,0
"May 26, 2024","69,264.29","69,506.23","68,183.89","68,518.09","15,628,433,737",Weekend/Holiday,0
"May 25, 2024","68,526.92","69,579.32","68,515.82","69,265.95","15,473,071,741",Weekend/Holiday,0
"May 24, 2024","67,928.13","69,220.30","66,622.67","68,526.10","29,197,308,153",Weekday,0
"May 23, 2024","69,121.30","70,041.27","66,356.95","67,929.56","41,895,680,979",Weekday,0
"May 22, 2024","70,135.32","70,623.70","68,977.70","69,122.34","32,802,561,717",Weekday,1
"May 21, 2024","71,443.06","71,946.46","69,191.13","70,136.53","46,932,005,990",Weekday,0
"May 20, 2024","66,278.74","71,483.56","66,086.17","71,448.20","43,850,655,717",Weekday,0
"May 19, 2024","66,937.93","67,694.30","65,937.18","66,278.37","19,249,094,538",Weekend/Holiday,0
"May 18, 2024","67,066.21","67,387.33","66,663.50","66,940.80","16,712,277,406",Weekend/Holiday,0
"May 17, 2024","65,231.30","67,459.46","65,119.32","67,051.88","28,031,279,310",Weekday,0
"May 16, 2024","66,256.11","66,712.43","64,613.05","65,231.58","31,573,077,994",Weekday,0
"May 15, 2024","61,553.99","66,454.45","61,330.41","66,267.49","39,815,167,074",Weekday,0
"May 14, 2024","62,900.77","63,092.13","61,123.77","61,552.79","28,186,271,527",Weekday,0
"May 13, 2024","61,451.22","63,422.66","60,769.84","62,901.45","27,889,181,179",Weekday,0
"May 12, 2024","60,793.50","61,818.16","60,632.60","61,448.39","13,800,459,405",Weekend/Holiday,0
"May 11, 2024","60,793.36","61,451.15","60,492.63","60,793.71","13,842,272,968",Weekend/Holiday,0
"May 10, 2024","63,055.19","63,446.74","60,208.78","60,792.78","27,804,954,694",Weekday,0
"May 9, 2024","61,191.20","63,404.91","60,648.07","63,049.96","25,453,338,161",Weekday,0
"May 8, 2024","62,332.64","62,986.09","60,877.13","61,187.94","26,088,172,222",Weekday,0
"May 7, 2024","63,162.76","64,390.46","62,285.98","62,334.82","25,930,730,982",Weekday,0
"May 6, 2024","64,038.31","65,494.90","62,746.24","63,161.95","28,697,928,697",Weekday,0
"May 5, 2024","63,892.45","64,610.89","62,955.30","64,031.13","18,296,164,805",Weekend/Holiday,0
"May 4, 2024","62,891.03","64,494.96","62,599.35","63,891.47","20,620,477,992",Weekend/Holiday,0
"May 3, 2024","59,122.30","63,320.50","58,848.31","62,889.84","33,172,023,048",Weekday,0
"May 2, 2024","58,253.70","59,602.30","56,937.20","59,123.43","32,711,813,559",Weekday,0
"May 1, 2024","60,609.50","60,780.50","56,555.29","58,254.01","48,439,780,271",Weekday,0
"Apr 30, 2024","63,839.42","64,703.33","59,120.07","60,636.86","37,840,840,057",Weekday,0
"Apr 29, 2024","63,106.36","64,174.88","61,795.46","63,841.12","26,635,912,073",Weekday,0
"Apr 28, 2024","63,423.52","64,321.48","62,793.60","63,113.23","17,334,827,993",Weekend/Holiday,0
"Apr 27, 2024","63,750.99","63,898.36","62,424.72","63,419.14","19,530,783,039",Weekend/Holiday,0
"Apr 26, 2024","64,485.37","64,789.66","63,322.40","63,755.32","24,139,372,950",Weekday,0
"Apr 25, 2024","64,275.02","65,275.21","62,783.63","64,481.71","32,155,786,816",Weekday,0
"Apr 24, 2024","66,408.72","67,075.37","63,589.87","64,276.90","30,276,655,120",Weekday,0
"Apr 23, 2024","66,839.89","67,199.24","65,864.87","66,407.27","24,310,975,583",Weekday,0
"Apr 22, 2024","64,935.63","67,233.96","64,548.18","66,837.68","28,282,686,673",Weekday,0
"Apr 21, 2024","64,992.82","65,723.24","64,277.72","64,926.64","20,506,644,853",Weekend/Holiday,0
"Apr 20, 2024","63,851.10","65,442.46","63,172.40","64,994.44","23,097,485,495",Weekend/Holiday,0
"Apr 19, 2024","63,510.75","65,481.60","59,651.39","63,843.57","49,920,425,401",Weekday,0
"Apr 18, 2024","61,275.32","64,125.69","60,833.48","63,512.75","36,006,307,335",Weekday,0
"Apr 17, 2024","63,831.85","64,486.36","59,768.59","61,276.69","41,915,247,049",Weekday,0
"Apr 16, 2024","63,419.30","64,355.67","61,716.40","63,811.86","42,847,528,078",Weekday,0
"Apr 15, 2024","65,739.65","66,878.65","62,332.07","63,426.21","43,595,917,654",Weekday,0
"Apr 14, 2024","63,836.23","65,824.43","62,205.85","65,738.73","49,084,320,047",Weekend/Holiday,0
"Apr 13, 2024","67,188.38","67,931.43","60,919.11","63,821.47","52,869,738,185",Weekend/Holiday,0
"Apr 12, 2024","70,061.38","71,222.74","65,254.84","67,195.87","44,129,299,406",Weekday,0
"Apr 11, 2024","70,575.73","71,256.23","69,571.81","70,060.61","30,153,382,941",Weekday,0
"Apr 10, 2024","69,140.24","71,093.43","67,503.56","70,587.88","38,318,601,774",Weekday,1
"Apr 9, 2024","71,632.50","71,742.51","68,212.92","69,139.02","36,426,900,409",Weekday,0
"Apr 8, 2024","69,362.55","72,715.36","69,064.24","71,631.36","37,261,432,669",Weekday,0
"Apr 7, 2024","68,897.11","70,284.43","68,851.63","69,362.55","21,204,930,369",Weekend/Holiday,0
"Apr 6, 2024","67,840.57","69,629.60","67,491.72","68,896.11","19,967,785,809",Weekend/Holiday,0
"Apr 5, 2024","68,515.76","68,725.76","66,011.48","67,837.64","33,748,230,056",Weekday,0
"Apr 4, 2024","65,975.70","69,291.26","65,113.80","68,508.84","34,439,527,442",Weekday,0
"Apr 3, 2024","65,446.67","66,914.32","64,559.90","65,980.81","34,488,018,367",Weekday,0
"Apr 2, 2024","69,705.02","69,708.38","64,586.59","65,446.97","50,705,240,709",Weekday,0
"Apr 1, 2024","71,333.48","71,342.09","68,110.70","69,702.15","34,873,527,352",Weekday,0
"Mar 31, 2024","69,647.78","71,377.78","69,624.87","71,333.65","20,050,941,373",Weekend/Holiday,0
"Mar 30, 2024","69,893.45","70,355.49","69,601.06","69,645.30","17,130,241,883",Weekend/Holiday,0
"Mar 29, 2024","70,744.80","70,913.09","69,076.66","69,892.83","25,230,851,763",Weekend/Holiday,0
"Mar 28, 2024","69,452.77","71,546.02","68,895.51","70,744.95","34,374,900,617",Weekday,0
"Mar 27, 2024","69,991.90","71,727.69","68,381.93","69,455.34","40,827,113,309",Weekday,0
"Mar 26, 2024","69,931.33","71,535.74","69,335.61","69,987.84","36,010,437,368",Weekday,0
"Mar 25, 2024","67,234.09","71,162.59","66,414.84","69,958.81","42,700,139,523",Weekday,0
"Mar 24, 2024","64,070.75","67,622.76","63,825.85","67,234.17","27,206,630,673",Weekend/Holiday,0
"Mar 23, 2024","63,802.72","65,976.40","63,038.49","64,062.20","24,738,964,812",Weekend/Holiday,0
"Mar 22, 2024","65,489.93","66,623.75","62,355.37","63,778.76","41,401,116,964",Weekday,0
"Mar 21, 2024","67,911.59","68,199.99","64,580.92","65,491.39","44,480,350,565",Weekday,0
"Mar 20, 2024","61,930.16","68,115.26","60,807.79","67,913.67","66,792,634,382",Weekday,0
"Mar 19, 2024","67,556.13","68,106.93","61,536.18","61,912.77","74,215,844,794",Weekday,0
"Mar 18, 2024","68,371.30","68,897.13","66,594.23","67,548.59","49,261,579,492",Weekday,0
"Mar 17, 2024","65,316.34","68,845.72","64,545.32","68,390.63","44,716,864,318",Weekend/Holiday,0
"Mar 16, 2024","69,392.48","70,046.27","64,801.39","65,315.12","46,842,198,371",Weekend/Holiday,0
"Mar 15, 2024","71,387.88","72,357.13","65,630.70","69,403.77","78,320,453,976",Weekday,0
"Mar 14, 2024","73,079.38","73,750.07","68,563.02","71,396.59","59,594,605,698",Weekday,0
"Mar 13, 2024","71,482.12","73,637.48","71,334.09","73,083.50","48,212,536,929",Weekday,0
"Mar 12, 2024","72,125.13","72,825.66","68,728.85","71,481.29","62,554,434,520",Weekday,0
"Mar 11, 2024","69,020.55","72,850.71","67,194.88","72,123.91","65,716,656,765",Weekday,0
"Mar 10, 2024","68,500.26","70,005.20","68,239.98","69,019.79","35,683,977,532",Weekend/Holiday,0
"Mar 9, 2024","68,299.26","68,673.05","68,053.13","68,498.88","21,609,650,379",Weekend/Holiday,0
"Mar 8, 2024","66,938.09","70,083.05","66,230.45","68,300.09","59,202,881,172",Weekday,0
"Mar 7, 2024","66,099.74","68,029.92","65,655.53","66,925.48","46,989,543,159",Weekday,0
"Mar 6, 2024","63,776.05","67,637.93","62,848.67","66,106.80","68,750,229,073",Weekday,0
"Mar 5, 2024","68,341.05","69,170.63","59,323.91","63,801.20","102,802,940,877",Weekday,0
"Mar 4, 2024","63,137.00","68,537.03","62,386.52","68,330.41","70,670,471,105",Weekday,0
"Mar 3, 2024","62,031.58","63,230.21","61,435.02","63,167.37","26,253,811,450",Weekend/Holiday,0
"Mar 2, 2024","62,431.65","62,458.70","61,657.29","62,029.85","23,888,473,685",Weekend/Holiday,0
"Mar 1, 2024","61,168.06","63,155.10","60,802.53","62,440.63","40,186,368,423",Weekday,0
"Feb 29, 2024","62,499.18","63,585.64","60,498.73","61,198.38","65,496,611,844",Weekday,0
"Feb 28, 2024","57,071.10","63,913.13","56,738.43","62,504.79","83,239,156,760",Weekday,0
"Feb 27, 2024","54,519.36","57,537.84","54,484.20","57,085.37","49,756,832,031",Weekday,0
"Feb 26, 2024","51,730.54","54,938.18","50,931.03","54,522.40","34,074,411,896",Weekday,0
"Feb 25, 2024","51,565.21","51,950.03","51,306.17","51,733.24","15,413,239,245",Weekend/Holiday,0
"Feb 24, 2024","50,736.37","51,684.20","50,585.45","51,571.10","15,174,077,879",Weekend/Holiday,0
"Feb 23, 2024","51,283.91","51,497.93","50,561.78","50,731.95","21,427,078,270",Weekday,0
"Feb 22, 2024","51,854.64","52,009.61","50,926.29","51,304.97","25,413,900,611",Weekday,1
"Feb 21, 2024","52,273.54","52,368.82","50,671.76","51,839.18","28,624,907,020",Weekday,0
"Feb 20, 2024","51,777.73","52,945.05","50,792.31","52,284.88","33,353,758,256",Weekday,0
"Feb 19, 2024","52,134.81","52,483.32","51,711.82","51,779.14","21,362,184,346",Weekend/Holiday,0
"Feb 18, 2024","51,661.97","52,356.96","51,233.71","52,122.55","17,595,377,311",Weekend/Holiday,0
"Feb 17, 2024","52,161.68","52,191.91","50,669.67","51,663.00","20,009,091,006",Weekend/Holiday,0
"Feb 16, 2024","51,937.73","52,537.97","51,641.37","52,160.20","28,180,567,298",Weekday,0
"Feb 15, 2024","51,836.79","52,820.07","51,371.63","51,938.55","38,564,360,533",Weekday,0
"Feb 14, 2024","49,733.45","52,021.37","49,296.83","51,826.70","39,105,608,050",Weekday,0
"Feb 13, 2024","49,941.36","50,358.39","48,406.50","49,742.44","35,593,051,468",Weekday,0
"Feb 12, 2024","48,296.39","50,280.48","47,745.76","49,958.22","34,511,985,805",Weekday,0
"Feb 11, 2024","47,768.97","48,535.94","47,617.41","48,293.92","19,315,867,136",Weekend/Holiday,0
"Feb 10, 2024","47,153.53","48,146.17","46,905.32","47,771.28","16,398,681,570",Weekend/Holiday,0
"Feb 9, 2024","45,297.38","48,152.50","45,260.82","47,147.20","39,316,770,844",Weekday,0
"Feb 8, 2024","44,332.13","45,575.84","44,332.13","45,301.57","26,154,524,080",Weekday,0
"Feb 7, 2024","43,090.02","44,341.95","42,775.96","44,318.22","21,126,587,775",Weekday,0
"Feb 6, 2024","42,657.39","43,344.15","42,529.02","43,084.67","16,798,476,726",Weekday,0
"Feb 5, 2024","42,577.62","43,494.25","42,264.82","42,658.67","18,715,487,317",Weekday,0
"Feb 4, 2024","42,994.94","43,097.64","42,374.83","42,583.58","14,802,225,490",Weekend/Holiday,0
"Feb 3, 2024","43,184.96","43,359.94","42,890.81","42,992.25","11,169,245,236",Weekend/Holiday,0
"Feb 2, 2024","43,077.64","43,422.49","42,584.34","43,185.86","18,603,843,039",Weekday,0
"Feb 1, 2024","42,569.76","43,243.17","41,879.19","43,075.77","21,423,953,779",Weekday,0
"Jan 31, 2024","42,946.25","43,717.41","42,298.95","42,582.61","24,673,628,793",Weekday,0
"Jan 30, 2024","43,300.23","43,838.95","42,711.37","42,952.61","23,842,814,518",Weekday,0
"Jan 29, 2024","42,030.91","43,305.87","41,818.33","43,288.25","20,668,476,578",Weekday,0
"Jan 28, 2024","42,126.13","42,797.18","41,696.91","42,035.59","16,858,971,687",Weekend/Holiday,0
"Jan 27, 2024","41,815.63","42,195.63","41,431.28","42,120.05","11,422,941,934",Weekend/Holiday,0
"Jan 26, 2024","39,936.82","42,209.39","39,825.69","41,816.87","25,598,119,893",Weekday,0
"Jan 25, 2024","40,075.55","40,254.48","39,545.66","39,933.81","18,491,782,013",Weekday,0
"Jan 24, 2024","39,877.59","40,483.79","39,508.80","40,077.07","22,359,526,178",Weekday,0
"Jan 23, 2024","39,518.71","40,127.35","38,521.89","39,845.55","29,244,553,045",Weekday,0
"Jan 22, 2024","41,553.65","41,651.21","39,450.12","39,507.37","31,338,708,143",Weekday,0
"Jan 21, 2024","41,671.49","41,855.37","41,497.01","41,545.79","9,344,043,642",Weekend/Holiday,0
"Jan 20, 2024","41,624.59","41,877.89","41,446.82","41,665.59","11,586,690,904",Weekend/Holiday,0
"Jan 19, 2024","41,278.46","42,134.16","40,297.46","41,618.41","25,752,407,154",Weekday,0
"Jan 18, 2024","42,742.31","42,876.35","40,631.17","41,262.06","25,218,357,242",Weekday,0
"Jan 17, 2024","43,132.10","43,189.89","42,189.31","42,742.65","20,851,232,595",Weekday,0
"Jan 16, 2024","42,499.34","43,566.27","42,086.00","43,154.95","24,062,872,740",Weekday,0
"Jan 15, 2024","41,715.07","43,319.72","41,705.42","42,511.97","22,320,220,558",Weekend/Holiday,0
"Jan 14, 2024","42,842.26","43,065.60","41,724.61","41,796.27","17,521,429,522",Weekend/Holiday,0
"Jan 13, 2024","42,799.45","43,234.66","42,464.14","42,842.38","20,601,860,469",Weekend/Holiday,0
"Jan 12, 2024","46,354.79","46,498.14","41,903.77","42,853.17","43,332,698,900",Weekday,0
"Jan 11, 2024","46,656.07","48,969.37","45,678.64","46,368.59","45,833,734,549",Weekday,0
"Jan 10, 2024","46,121.54","47,647.22","44,483.15","46,627.78","50,114,613,298",Weekday,0
"Jan 9, 2024","46,987.64","47,893.70","45,244.71","46,139.73","39,821,290,992",Weekday,0
"Jan 8, 2024","43,948.71","47,218.00","43,244.08","46,970.50","42,746,192,015",Weekday,0
"Jan 7, 2024","43,998.46","44,495.57","43,662.23","43,943.10","19,330,573,863",Weekend/Holiday,0
"Jan 6, 2024","44,178.95","44,227.63","43,475.16","43,989.20","16,092,503,468",Weekend/Holiday,0
"Jan 5, 2024","44,192.98","44,353.29","42,784.72","44,162.69","32,336,029,347",Weekday,0
"Jan 4, 2024","42,855.82","44,770.02","42,675.18","44,179.92","30,448,091,210",Weekday,1
"Jan 3, 2024","44,961.60","45,503.24","40,813.54","42,848.18","46,342,323,118",Weekday,0
"Jan 2, 2024","44,187.14","45,899.71","44,176.95","44,957.97","39,335,274,536",Weekday,0
"Jan 1, 2024","42,280.23","44,175.44","42,214.98","44,167.33","18,426,978,443",Weekend/Holiday,0