Date,Open,High,Low,Close,Volume
"Apr 10, 2026","6,395.88","6,539.05","6,395.88","6,528.52","6,396,100,000"
"Apr 9, 2026","6,783.69","6,835.31","6,761.55","6,824.66","4,912,410,000"
"Apr 8, 2026","6,754.36","6,793.50","6,740.28","6,782.81","5,904,880,000"
"Apr 7, 2026","6,601.93","6,618.26","6,534.55","6,616.85","4,555,680,000"
"Apr 6, 2026","6,587.66","6,618.13","6,579.72","6,611.83","3,906,440,000"
"Apr 2, 2026","6,512.61","6,601.91","6,474.94","6,582.69","4,740,740,000"
"Apr 1, 2026","6,556.56","6,609.67","6,554.29","6,575.32","5,637,260,000"
"Mar 31, 2026","6,395.88","6,539.05","6,395.88","6,528.52","6,396,100,000"
"Mar 30, 2026","6,403.37","6,427.31","6,316.91","6,343.72","5,458,640,000"
"Mar 27, 2026","6,453.89","6,453.89","6,356.08","6,368.85","5,303,490,000"
"Mar 26, 2026","6,555.86","6,573.22","6,473.79","6,477.16","4,845,560,000"
"Mar 25, 2026","6,598.35","6,633.94","6,568.41","6,591.90","4,936,720,000"
"Mar 24, 2026","6,552.09","6,595.75","6,525.11","6,556.37","5,278,580,000"
"Mar 23, 2026","6,574.96","6,651.62","6,565.55","6,581.00","6,020,650,000"
"Mar 20, 2026","6,594.66","6,594.66","6,473.52","6,506.48","10,025,820,000"
"Mar 19, 2026","6,583.12","6,636.74","6,557.82","6,606.49","5,973,390,000"
"Mar 18, 2026","6,697.16","6,705.18","6,621.66","6,624.70","5,275,480,000"
"Mar 17, 2026","6,722.35","6,754.30","6,710.80","6,716.09","5,063,390,000"
"Mar 16, 2026","6,674.37","6,729.79","6,674.37","6,699.38","5,176,290,000"
"Mar 13, 2026","6,673.49","6,733.30","6,623.92","6,632.19","5,337,120,000"
"Mar 12, 2026","6,740.88","6,740.88","6,670.40","6,672.62","6,292,170,000"
"Mar 11, 2026","6,790.09","6,811.15","6,745.59","6,775.80","5,511,090,000"
"Mar 10, 2026","6,796.56","6,845.08","6,759.74","6,781.48","5,944,950,000"
"Mar 9, 2026","6,699.80","6,810.44","6,636.04","6,795.99","6,709,410,000"
"Mar 6, 2026","6,769.03","6,773.42","6,711.56","6,740.02","5,793,120,000"
"Mar 5, 2026","6,851.08","6,870.43","6,770.78","6,830.71","5,989,300,000"
"Mar 4, 2026","6,831.69","6,885.94","6,811.64","6,869.50","5,252,170,000"
"Mar 3, 2026","6,800.26","6,840.05","6,710.42","6,816.63","6,442,080,000"
"Mar 2, 2026","6,824.36","6,901.01","6,796.85","6,881.62","6,079,080,000"
"Feb 27, 2026","6,856.54","6,882.96","6,831.74","6,878.88","6,665,660,000"
"Feb 26, 2026","6,944.74","6,947.25","6,859.73","6,908.86","5,889,550,000"
"Feb 25, 2026","6,915.15","6,952.51","6,915.15","6,946.13","5,328,060,000"
"Feb 24, 2026","6,837.37","6,899.17","6,815.43","6,890.07","5,266,090,000"
"Feb 23, 2026","6,901.25","6,916.96","6,819.82","6,837.75","5,638,350,000"
"Feb 20, 2026","6,843.26","6,915.86","6,836.33","6,909.51","5,432,480,000"
"Feb 19, 2026","6,861.34","6,879.12","6,833.06","6,861.89","5,151,690,000"
"Feb 18, 2026","6,855.48","6,909.12","6,849.66","6,881.31","5,098,160,000"
"Feb 17, 2026","6,819.86","6,866.99","6,775.50","6,843.22","5,418,480,000"
"Feb 13, 2026","6,834.27","6,881.96","6,794.55","6,836.17","5,718,360,000"
"Feb 12, 2026","6,957.54","6,973.22","6,824.04","6,832.76","7,118,700,000"
"Feb 11, 2026","6,976.48","6,993.48","6,911.97","6,941.47","6,175,510,000"
"Feb 10, 2026","6,974.49","6,986.83","6,937.53","6,941.81","5,595,950,000"
"Feb 9, 2026","6,917.26","6,980.10","6,905.87","6,964.82","5,650,260,000"
"Feb 6, 2026","6,816.74","6,944.89","6,816.74","6,932.30","6,283,680,000"
"Feb 5, 2026","6,837.39","6,857.85","6,780.13","6,798.40","6,989,120,000"
"Feb 4, 2026","6,924.50","6,936.09","6,838.80","6,882.72","7,475,750,000"
"Feb 3, 2026","6,985.45","6,993.08","6,862.05","6,917.81","7,017,660,000"
"Feb 2, 2026","6,916.64","6,991.92","6,914.34","6,976.44","5,772,050,000"
"Jan 30, 2026","6,947.27","6,964.09","6,893.48","6,939.03","6,697,340,000"
"Jan 29, 2026","6,977.74","6,992.84","6,870.80","6,969.01","6,877,780,000"
"Jan 28, 2026","7,002.00","7,002.28","6,963.46","6,978.03","5,507,670,000"
"Jan 27, 2026","6,965.96","6,988.82","6,958.83","6,978.60","5,331,720,000"
"Jan 26, 2026","6,923.23","6,964.66","6,921.60","6,950.23","4,968,050,000"
"Jan 23, 2026","6,907.85","6,932.96","6,895.50","6,915.61","4,871,930,000"
"Jan 22, 2026","6,914.44","6,934.75","6,893.62","6,913.35","5,307,580,000"
"Jan 21, 2026","6,810.71","6,910.39","6,804.96","6,875.62","5,835,520,000"
"Jan 20, 2026","6,865.24","6,871.17","6,789.05","6,796.86","5,769,500,000"
"Jan 16, 2026","6,960.54","6,967.30","6,925.09","6,940.01","5,356,550,000"
"Jan 15, 2026","6,969.46","6,979.34","6,937.93","6,944.47","5,114,050,000"
"Jan 14, 2026","6,937.41","6,941.30","6,885.74","6,926.60","5,530,830,000"
"Jan 13, 2026","6,977.41","6,985.83","6,938.77","6,963.74","5,091,730,000"
"Jan 12, 2026","6,944.12","6,986.33","6,934.07","6,977.27","5,019,040,000"
"Jan 9, 2026","6,927.83","6,978.36","6,917.64","6,966.28","5,163,900,000"
"Jan 8, 2026","6,914.11","6,931.28","6,899.33","6,921.46","5,333,200,000"
"Jan 7, 2026","6,945.07","6,965.69","6,919.19","6,920.93","5,214,480,000"
"Jan 6, 2026","6,908.03","6,948.69","6,904.02","6,944.82","5,509,680,000"
"Jan 5, 2026","6,892.19","6,920.38","6,891.56","6,902.05","5,771,930,000"
"Jan 2, 2026","6,878.11","6,894.87","6,824.31","6,858.47","4,184,120,000"
"Dec 31, 2025","6,898.82","6,901.42","6,844.55","6,845.50","3,261,830,000"
"Dec 30, 2025","6,900.44","6,913.25","6,893.47","6,896.24","3,309,930,000"
"Dec 29, 2025","6,903.60","6,920.21","6,888.76","6,905.74","3,541,750,000"
"Dec 26, 2025","6,936.02","6,945.77","6,921.60","6,929.94","2,586,550,000"
"Dec 24, 2025","6,904.91","6,937.32","6,904.91","6,932.05","1,798,270,000"
"Dec 23, 2025","6,872.41","6,910.88","6,868.81","6,909.79","3,820,560,000"
"Dec 22, 2025","6,865.21","6,882.03","6,855.74","6,878.49","4,465,030,000"
"Dec 19, 2025","6,792.62","6,840.02","6,792.62","6,834.50","8,554,470,000"
"Dec 18, 2025","6,778.06","6,816.13","6,758.50","6,774.76","5,101,190,000"
"Dec 17, 2025","6,802.88","6,812.26","6,720.43","6,721.43","5,122,120,000"
"Dec 16, 2025","6,800.12","6,819.27","6,759.74","6,800.26","4,983,180,000"
"Dec 15, 2025","6,860.19","6,861.59","6,801.49","6,816.51","4,975,600,000"
"Dec 12, 2025","6,886.85","6,899.85","6,801.79","6,827.41","4,910,160,000"
"Dec 11, 2025","6,861.30","6,903.46","6,833.45","6,901.00","5,021,060,000"
"Dec 10, 2025","6,833.49","6,900.67","6,824.69","6,886.68","5,526,570,000"
"Dec 9, 2025","6,840.61","6,864.92","6,837.43","6,840.51","4,508,050,000"
"Dec 8, 2025","6,875.20","6,878.27","6,827.19","6,846.51","4,757,130,000"
"Dec 5, 2025","6,866.32","6,895.78","6,858.29","6,870.40","4,944,560,000"
"Dec 4, 2025","6,866.47","6,866.47","6,827.12","6,857.12","4,872,440,000"
"Dec 3, 2025","6,815.29","6,862.42","6,810.43","6,849.72","4,736,780,000"
"Dec 2, 2025","6,830.96","6,851.55","6,806.71","6,829.37","4,582,290,000"
"Dec 1, 2025","6,812.30","6,843.65","6,799.94","6,812.63","4,549,370,000"
"Nov 28, 2025","6,822.52","6,850.86","6,819.75","6,849.09","2,558,540,000"
"Nov 26, 2025","6,793.55","6,831.44","6,783.87","6,812.61","4,485,000,000"
"Nov 25, 2025","6,697.03","6,776.40","6,659.98","6,765.88","5,003,330,000"
"Nov 24, 2025","6,636.54","6,715.75","6,630.70","6,705.12","6,039,740,000"
"Nov 21, 2025","6,555.77","6,660.05","6,521.92","6,602.99","5,929,930,000"
"Nov 20, 2025","6,737.93","6,770.35","6,534.05","6,538.76","5,596,080,000"
"Nov 19, 2025","6,625.84","6,689.75","6,603.50","6,642.16","5,021,610,000"
"Nov 18, 2025","6,641.19","6,666.63","6,574.32","6,617.32","5,159,390,000"
"Nov 17, 2025","6,713.61","6,754.50","6,638.90","6,672.41","5,204,220,000"
"Nov 14, 2025","6,672.14","6,774.31","6,646.87","6,734.11","5,042,660,000"
"Nov 13, 2025","6,826.47","6,828.05","6,724.72","6,737.49","5,473,720,000"
"Nov 12, 2025","6,867.77","6,869.91","6,829.62","6,850.92","5,293,610,000"
"Nov 11, 2025","6,815.64","6,855.13","6,806.87","6,846.61","4,983,490,000"
"Nov 10, 2025","6,785.36","6,841.32","6,770.56","6,832.43","5,366,050,000"
"Nov 7, 2025","6,696.18","6,730.11","6,631.44","6,728.80","5,926,070,000"
"Nov 6, 2025","6,787.59","6,796.68","6,707.51","6,720.32","6,051,900,000"
"Nov 5, 2025","6,769.77","6,829.78","6,763.11","6,796.29","5,939,600,000"
"Nov 4, 2025","6,788.52","6,820.21","6,766.71","6,771.55","5,739,510,000"
"Nov 3, 2025","6,882.32","6,882.32","6,820.62","6,851.97","6,065,720,000"
"Oct 31, 2025","6,879.17","6,879.17","6,814.26","6,840.20","6,398,280,000"
"Oct 30, 2025","6,860.50","6,880.75","6,820.69","6,822.34","6,052,700,000"
"Oct 29, 2025","6,910.95","6,920.34","6,851.91","6,890.59","6,280,130,000"
"Oct 28, 2025","6,897.74","6,911.30","6,870.73","6,890.89","5,695,930,000"
"Oct 27, 2025","6,845.46","6,877.28","6,843.94","6,875.16","5,290,650,000"
"Oct 24, 2025","6,772.07","6,807.11","6,772.07","6,791.69","5,058,220,000"
"Oct 23, 2025","6,703.65","6,749.53","6,700.14","6,738.44","5,565,750,000"
"Oct 22, 2025","6,741.34","6,741.75","6,655.69","6,699.40","5,710,010,000"
"Oct 21, 2025","6,736.75","6,752.16","6,722.03","6,735.35","5,245,020,000"
"Oct 20, 2025","6,690.05","6,744.35","6,690.05","6,735.13","4,672,170,000"
"Oct 17, 2025","6,613.27","6,678.88","6,603.76","6,664.01","5,358,120,000"
"Oct 16, 2025","6,689.02","6,709.34","6,593.99","6,629.07","6,048,180,000"
"Oct 15, 2025","6,688.27","6,724.12","6,612.11","6,671.06","5,633,060,000"
"Oct 14, 2025","6,602.49","6,680.70","6,555.07","6,644.31","5,666,920,000"
"Oct 13, 2025","6,622.53","6,668.68","6,620.71","6,654.72","5,303,960,000"
"Oct 10, 2025","6,740.49","6,762.40","6,550.78","6,552.51","6,596,610,000"
"Oct 9, 2025","6,760.50","6,764.58","6,716.17","6,735.11","5,385,020,000"
"Oct 8, 2025","6,723.87","6,755.64","6,718.09","6,753.72","5,383,130,000"
"Oct 7, 2025","6,746.14","6,754.49","6,699.96","6,714.59","5,546,150,000"
"Oct 6, 2025","6,733.86","6,749.52","6,717.78","6,740.28","5,604,460,000"
"Oct 3, 2025","6,722.14","6,750.87","6,705.67","6,715.79","5,713,110,000"
"Oct 2, 2025","6,731.31","6,731.94","6,693.23","6,715.35","5,416,130,000"
"Oct 1, 2025","6,664.92","6,718.48","6,656.20","6,711.20","6,037,950,000"
"Sep 30, 2025","6,656.19","6,691.25","6,641.00","6,688.46","6,057,210,000"
"Sep 29, 2025","6,661.58","6,677.31","6,644.49","6,661.21","5,358,760,000"
"Sep 26, 2025","6,615.38","6,648.97","6,604.43","6,643.70","5,103,110,000"
"Sep 25, 2025","6,608.19","6,619.00","6,569.22","6,604.72","5,874,670,000"
"Sep 24, 2025","6,669.79","6,672.66","6,621.76","6,637.97","5,459,180,000"
"Sep 23, 2025","6,692.44","6,699.52","6,645.58","6,656.92","5,633,620,000"
"Sep 22, 2025","6,654.28","6,698.88","6,648.07","6,693.75","5,642,620,000"
"Sep 19, 2025","6,647.11","6,671.82","6,630.31","6,664.36","9,125,960,000"
"Sep 18, 2025","6,626.85","6,656.80","6,611.89","6,631.96","5,292,400,000"
"Sep 17, 2025","6,604.87","6,624.39","6,551.15","6,600.35","5,805,340,000"
"Sep 16, 2025","6,624.13","6,626.99","6,600.11","6,606.76","5,359,510,000"
"Sep 15, 2025","6,603.49","6,619.62","6,602.07","6,615.28","5,045,020,000"
"Sep 12, 2025","6,590.66","6,600.21","6,579.49","6,584.29","4,641,640,000"
"Sep 11, 2025","6,554.41","6,592.89","6,545.80","6,587.47","5,426,460,000"
"Sep 10, 2025","6,550.29","6,555.97","6,516.34","6,532.04","5,253,010,000"
"Sep 9, 2025","6,503.33","6,518.23","6,483.08","6,512.61","4,798,350,000"
"Sep 8, 2025","6,498.09","6,508.67","6,483.29","6,495.15","5,211,500,000"
"Sep 5, 2025","6,529.08","6,532.65","6,443.98","6,481.50","5,066,120,000"
"Sep 4, 2025","6,456.60","6,502.54","6,445.98","6,502.08","4,670,770,000"
"Sep 3, 2025","6,445.82","6,453.67","6,416.17","6,448.26","4,465,360,000"
"Sep 2, 2025","6,401.51","6,416.54","6,360.58","6,415.54","4,784,000,000"
"Aug 29, 2025","6,489.28","6,491.76","6,444.57","6,460.26","4,234,840,000"
"Aug 28, 2025","6,483.84","6,508.23","6,466.96","6,501.86","4,283,760,000"
"Aug 27, 2025","6,462.26","6,487.06","6,457.84","6,481.40","4,143,680,000"
"Aug 26, 2025","6,435.49","6,468.37","6,429.21","6,465.94","4,867,680,000"
"Aug 25, 2025","6,457.67","6,466.89","6,438.06","6,439.32","4,059,070,000"
"Aug 22, 2025","6,384.59","6,478.89","6,384.59","6,466.91","5,046,860,000"
"Aug 21, 2025","6,380.83","6,393.65","6,352.71","6,370.17","4,013,560,000"
"Aug 20, 2025","6,406.62","6,408.40","6,343.86","6,395.78","4,470,390,000"
"Aug 19, 2025","6,446.24","6,456.48","6,400.22","6,411.37","4,377,440,000"
"Aug 18, 2025","6,445.02","6,455.35","6,437.70","6,449.15","4,162,290,000"
"Aug 15, 2025","6,477.38","6,481.34","6,441.85","6,449.80","4,575,060,000"
"Aug 14, 2025","6,453.46","6,473.92","6,441.07","6,468.54","4,462,050,000"
"Aug 13, 2025","6,462.67","6,480.28","6,445.02","6,466.58","5,195,950,000"
"Aug 12, 2025","6,395.17","6,446.55","6,385.76","6,445.76","5,135,300,000"
"Aug 11, 2025","6,389.67","6,407.25","6,364.06","6,373.45","4,652,400,000"
"Aug 8, 2025","6,355.22","6,395.16","6,355.22","6,389.45","4,769,910,000"
"Aug 7, 2025","6,374.32","6,389.71","6,310.32","6,340.00","5,306,090,000"
"Aug 6, 2025","6,309.30","6,352.83","6,301.11","6,345.06","5,408,560,000"
"Aug 5, 2025","6,336.63","6,346.00","6,289.37","6,299.19","5,517,410,000"
"Aug 4, 2025","6,271.71","6,330.69","6,271.71","6,329.94","4,842,580,000"
"Aug 1, 2025","6,287.28","6,287.28","6,212.69","6,238.01","5,827,150,000"
"Jul 31, 2025","6,427.02","6,427.02","6,327.64","6,339.39","6,077,080,000"
"Jul 30, 2025","6,381.23","6,396.54","6,336.38","6,362.90","5,375,070,000"
"Jul 29, 2025","6,405.62","6,409.26","6,363.92","6,370.86","5,076,120,000"
"Jul 28, 2025","6,397.69","6,401.07","6,375.79","6,389.77","4,565,620,000"
"Jul 25, 2025","6,370.01","6,395.82","6,368.53","6,388.64","4,470,720,000"
"Jul 24, 2025","6,368.60","6,381.31","6,360.57","6,363.35","5,282,720,000"
"Jul 23, 2025","6,326.90","6,360.64","6,317.49","6,358.91","5,642,510,000"
"Jul 22, 2025","6,306.60","6,316.12","6,281.71","6,309.62","5,662,040,000"
"Jul 21, 2025","6,304.74","6,336.08","6,303.79","6,305.60","5,010,840,000"
"Jul 18, 2025","6,312.95","6,315.61","6,285.27","6,296.79","5,184,700,000"
"Jul 17, 2025","6,263.40","6,304.69","6,262.27","6,297.36","5,512,290,000"
"Jul 16, 2025","6,254.50","6,268.12","6,201.59","6,263.70","5,177,460,000"
"Jul 15, 2025","6,295.29","6,302.04","6,241.68","6,243.76","5,133,670,000"
"Jul 14, 2025","6,255.15","6,273.31","6,239.22","6,268.56","4,722,250,000"
"Jul 11, 2025","6,255.68","6,269.44","6,237.60","6,259.75","4,656,210,000"
"Jul 10, 2025","6,266.80","6,290.22","6,251.44","6,280.46","5,367,350,000"
"Jul 9, 2025","6,243.33","6,269.16","6,231.43","6,263.26","4,813,340,000"
"Jul 8, 2025","6,234.03","6,242.70","6,217.75","6,225.52","5,739,030,000"
"Jul 7, 2025","6,259.04","6,262.07","6,201.00","6,229.98","5,236,740,000"
"Jul 3, 2025","6,246.46","6,284.65","6,246.46","6,279.35","3,378,110,000"
"Jul 2, 2025","6,193.88","6,227.60","6,188.29","6,227.42","5,645,710,000"
"Jul 1, 2025","6,187.25","6,210.78","6,177.97","6,198.01","6,275,310,000"
"Jun 30, 2025","6,193.36","6,215.08","6,174.97","6,204.95","5,782,900,000"
"Jun 27, 2025","6,150.70","6,187.68","6,132.35","6,173.07","7,889,350,000"
"Jun 26, 2025","6,112.09","6,146.52","6,107.27","6,141.02","5,308,140,000"
"Jun 25, 2025","6,104.23","6,108.51","6,080.09","6,092.16","5,171,110,000"
"Jun 24, 2025","6,061.21","6,101.76","6,059.25","6,092.18","5,443,690,000"
"Jun 23, 2025","5,969.67","6,028.77","5,943.23","6,025.17","5,597,000,000"
"Jun 20, 2025","5,999.67","6,018.20","5,952.56","5,967.84","7,451,500,000"
"Jun 18, 2025","5,987.93","6,018.25","5,971.89","5,980.87","5,106,470,000"
"Jun 17, 2025","6,012.15","6,023.25","5,974.80","5,982.72","4,955,700,000"
"Jun 16, 2025","6,004.00","6,050.83","6,004.00","6,033.11","5,111,710,000"
"Jun 13, 2025","6,000.56","6,026.16","5,963.21","5,976.97","5,258,910,000"
"Jun 12, 2025","6,009.90","6,045.43","6,003.88","6,045.26","4,669,500,000"
"Jun 11, 2025","6,049.38","6,059.40","6,002.32","6,022.24","5,111,550,000"
"Jun 10, 2025","6,009.91","6,043.01","6,000.28","6,038.81","4,882,880,000"
"Jun 9, 2025","6,004.63","6,021.31","5,994.18","6,005.88","4,642,360,000"
"Jun 6, 2025","5,987.06","6,016.87","5,978.63","6,000.36","4,355,710,000"
"Jun 5, 2025","5,985.67","5,999.70","5,921.20","5,939.30","5,091,850,000"
"Jun 4, 2025","5,978.94","5,990.48","5,966.11","5,970.81","4,767,050,000"
"Jun 3, 2025","5,938.56","5,981.35","5,929.00","5,970.37","5,026,680,000"
"Jun 2, 2025","5,896.68","5,937.40","5,861.43","5,935.94","4,832,240,000"
"May 30, 2025","5,903.67","5,922.14","5,843.66","5,911.69","6,378,540,000"
"May 29, 2025","5,939.96","5,943.13","5,873.80","5,912.17","4,569,750,000"
"May 28, 2025","5,925.54","5,939.92","5,881.88","5,888.55","4,665,050,000"
"May 27, 2025","5,854.07","5,924.33","5,854.07","5,921.54","5,366,380,000"
"May 23, 2025","5,781.89","5,829.51","5,767.41","5,802.82","4,662,820,000"
"May 22, 2025","5,841.26","5,878.08","5,825.82","5,842.01","5,157,050,000"
"May 21, 2025","5,910.18","5,938.37","5,830.91","5,844.61","5,254,250,000"
"May 20, 2025","5,944.66","5,953.06","5,909.26","5,940.46","4,416,850,000"
"May 19, 2025","5,902.88","5,968.61","5,895.69","5,963.60","4,144,010,000"
"May 16, 2025","5,929.09","5,958.62","5,907.36","5,958.38","4,850,850,000"
"May 15, 2025","5,869.82","5,924.21","5,865.16","5,916.93","4,991,290,000"
"May 14, 2025","5,896.74","5,906.55","5,872.11","5,892.58","5,233,450,000"
"May 13, 2025","5,854.15","5,906.64","5,845.02","5,886.55","5,516,290,000"
"May 12, 2025","5,807.20","5,845.37","5,786.08","5,844.19","6,014,580,000"
"May 9, 2025","5,679.65","5,691.69","5,644.15","5,659.91","4,645,090,000"
"May 8, 2025","5,663.60","5,720.10","5,635.38","5,663.94","5,627,400,000"
"May 7, 2025","5,614.18","5,654.73","5,578.64","5,631.28","4,987,440,000"
"May 6, 2025","5,605.87","5,649.58","5,586.04","5,606.91","4,717,260,000"
"May 5, 2025","5,655.32","5,683.38","5,634.48","5,650.38","4,358,260,000"
"May 2, 2025","5,645.88","5,700.70","5,642.28","5,686.67","4,854,380,000"
"May 1, 2025","5,625.14","5,658.91","5,597.35","5,604.14","4,935,270,000"
"Apr 30, 2025","5,499.44","5,581.84","5,433.24","5,569.06","5,449,490,000"
"Apr 29, 2025","5,508.87","5,571.95","5,505.70","5,560.83","4,747,150,000"
"Apr 28, 2025","5,529.22","5,553.66","5,468.64","5,528.75","4,257,880,000"
"Apr 25, 2025","5,489.73","5,528.11","5,455.86","5,525.21","4,236,580,000"
"Apr 24, 2025","5,381.38","5,489.40","5,371.96","5,484.77","4,697,710,000"
"Apr 23, 2025","5,395.92","5,469.69","5,356.17","5,375.86","5,371,390,000"
"Apr 22, 2025","5,207.67","5,309.61","5,207.67","5,287.76","4,666,950,000"
"Apr 21, 2025","5,232.94","5,232.94","5,101.63","5,158.20","4,226,340,000"
"Apr 17, 2025","5,305.45","5,328.31","5,255.58","5,282.70","4,714,880,000"
"Apr 16, 2025","5,335.75","5,367.24","5,220.79","5,275.70","4,607,750,000"
"Apr 15, 2025","5,411.99","5,450.41","5,386.44","5,396.63","4,317,110,000"
"Apr 14, 2025","5,441.96","5,459.46","5,358.02","5,405.97","5,031,440,000"
"Apr 11, 2025","5,255.56","5,381.46","5,220.77","5,363.36","5,602,550,000"
"Apr 10, 2025","5,353.15","5,353.15","5,115.27","5,268.05","6,677,140,000"
"Apr 9, 2025","4,965.28","5,481.34","4,948.43","5,456.90","9,489,600,000"
"Apr 8, 2025","5,193.57","5,267.47","4,910.42","4,982.77","7,408,140,000"
"Apr 7, 2025","4,953.79","5,246.57","4,835.04","5,062.25","8,691,980,000"
"Apr 4, 2025","5,292.14","5,292.14","5,069.90","5,074.08","8,853,500,000"
"Apr 3, 2025","5,492.74","5,499.53","5,390.83","5,396.52","7,210,470,000"
"Apr 2, 2025","5,580.76","5,695.31","5,571.48","5,670.97","4,243,830,000"
"Apr 1, 2025","5,597.53","5,650.57","5,558.52","5,633.07","4,434,500,000"
"Mar 31, 2025","5,527.91","5,627.56","5,488.73","5,611.85","5,257,250,000"
"Mar 28, 2025","5,679.20","5,685.89","5,572.42","5,580.94","4,513,330,000"
"Mar 27, 2025","5,695.64","5,732.28","5,670.94","5,693.31","4,403,460,000"
"Mar 26, 2025","5,771.66","5,783.62","5,694.41","5,712.20","4,183,140,000"
"Mar 25, 2025","5,775.96","5,786.95","5,760.42","5,776.65","4,467,340,000"
"Mar 24, 2025","5,718.08","5,775.14","5,718.08","5,767.57","4,517,990,000"
"Mar 21, 2025","5,630.73","5,670.84","5,603.10","5,667.56","9,367,460,000"
"Mar 20, 2025","5,646.92","5,711.15","5,632.33","5,662.89","4,678,420,000"
"Mar 19, 2025","5,632.37","5,715.33","5,622.20","5,675.29","4,660,090,000"
"Mar 18, 2025","5,654.53","5,654.53","5,597.76","5,614.66","4,666,270,000"
"Mar 17, 2025","5,635.60","5,703.52","5,631.12","5,675.12","5,031,770,000"
"Mar 14, 2025","5,563.85","5,645.27","5,563.85","5,638.94","4,863,180,000"
"Mar 13, 2025","5,594.45","5,597.78","5,504.65","5,521.52","5,018,980,000"
"Mar 12, 2025","5,624.84","5,642.19","5,546.09","5,599.30","5,219,830,000"
"Mar 11, 2025","5,603.65","5,636.30","5,528.41","5,572.07","6,221,240,000"
"Mar 10, 2025","5,705.37","5,705.37","5,564.02","5,614.56","6,409,370,000"
"Mar 7, 2025","5,726.01","5,783.01","5,666.29","5,770.20","5,705,140,000"
"Mar 6, 2025","5,785.87","5,812.08","5,711.64","5,738.52","5,165,080,000"
"Mar 5, 2025","5,781.36","5,860.59","5,742.35","5,842.63","5,285,970,000"
"Mar 4, 2025","5,811.98","5,865.08","5,732.59","5,778.15","6,138,110,000"
"Mar 3, 2025","5,968.33","5,986.09","5,810.91","5,849.72","5,613,850,000"
"Feb 28, 2025","5,856.74","5,959.40","5,837.66","5,954.50","6,441,140,000"
"Feb 27, 2025","5,981.88","5,993.69","5,858.78","5,861.57","5,057,680,000"
"Feb 26, 2025","5,970.87","6,009.82","5,932.69","5,956.06","4,869,580,000"
"Feb 25, 2025","5,982.73","5,992.65","5,908.49","5,955.25","5,374,690,000"
"Feb 24, 2025","6,026.69","6,043.65","5,977.83","5,983.25","4,990,120,000"
"Feb 21, 2025","6,114.10","6,114.82","6,008.56","6,013.13","5,434,560,000"
"Feb 20, 2025","6,134.50","6,134.50","6,084.59","6,117.52","4,813,690,000"
"Feb 19, 2025","6,117.76","6,147.43","6,111.15","6,144.15","4,562,330,000"
"Feb 18, 2025","6,121.60","6,129.63","6,099.51","6,129.58","4,684,980,000"
"Feb 14, 2025","6,115.52","6,127.47","6,107.62","6,114.63","4,335,190,000"
"Feb 13, 2025","6,060.59","6,116.91","6,050.95","6,115.07","4,763,800,000"
"Feb 12, 2025","6,025.08","6,063.00","6,003.00","6,051.97","4,627,960,000"
"Feb 11, 2025","6,049.32","6,076.28","6,042.34","6,068.50","4,324,880,000"
"Feb 10, 2025","6,046.40","6,073.38","6,044.84","6,066.44","4,458,760,000"
"Feb 7, 2025","6,083.13","6,101.28","6,019.96","6,025.99","4,766,900,000"
"Feb 6, 2025","6,072.22","6,084.03","6,046.83","6,083.57","4,847,120,000"
"Feb 5, 2025","6,020.45","6,062.86","6,007.06","6,061.48","4,756,250,000"
"Feb 4, 2025","5,998.14","6,042.48","5,990.87","6,037.88","4,410,160,000"
"Feb 3, 2025","5,969.65","6,022.13","5,923.93","5,994.57","4,797,210,000"
"Jan 31, 2025","6,096.79","6,120.91","6,030.93","6,040.53","4,843,770,000"
"Jan 30, 2025","6,050.75","6,086.64","6,027.46","6,071.17","4,634,620,000"
"Jan 29, 2025","6,057.70","6,062.83","6,012.96","6,039.31","4,115,310,000"
"Jan 28, 2025","6,026.97","6,074.54","5,994.63","6,067.70","4,473,640,000"
"Jan 27, 2025","5,969.04","6,017.17","5,962.92","6,012.28","5,198,750,000"
"Jan 24, 2025","6,121.43","6,128.18","6,088.74","6,101.24","4,214,250,000"
"Jan 23, 2025","6,076.32","6,118.73","6,074.67","6,118.71","4,432,250,000"
"Jan 22, 2025","6,081.39","6,100.81","6,076.13","6,086.37","4,323,040,000"
"Jan 21, 2025","6,014.12","6,051.51","6,006.88","6,049.24","4,702,920,000"
"Jan 17, 2025","5,995.40","6,014.96","5,978.44","5,996.66","4,366,830,000"
"Jan 16, 2025","5,963.61","5,964.69","5,930.72","5,937.34","4,285,810,000"
"Jan 15, 2025","5,905.21","5,960.61","5,905.21","5,949.91","4,544,570,000"
"Jan 14, 2025","5,859.27","5,871.92","5,805.42","5,842.91","4,142,280,000"
"Jan 13, 2025","5,782.02","5,838.61","5,773.31","5,836.22","4,421,200,000"
"Jan 10, 2025","5,890.35","5,890.35","5,807.78","5,827.04","4,751,930,000"
"Jan 8, 2025","5,910.66","5,927.89","5,874.78","5,918.25","4,441,740,000"
"Jan 7, 2025","5,993.26","6,000.68","5,890.68","5,909.03","4,517,330,000"
"Jan 6, 2025","5,982.81","6,021.04","5,960.01","5,975.38","4,940,120,000"
"Jan 3, 2025","5,891.07","5,949.34","5,888.66","5,942.47","3,667,340,000"
"Jan 2, 2025","5,903.26","5,935.09","5,829.53","5,868.55","3,621,680,000"
"Dec 31, 2024","5,919.74","5,929.74","5,868.86","5,881.63","3,128,350,000"
"Dec 30, 2024","5,920.67","5,940.79","5,869.16","5,906.94","3,433,250,000"
"Dec 27, 2024","6,006.17","6,006.17","5,932.95","5,970.84","3,159,610,000"
"Dec 26, 2024","6,024.97","6,049.75","6,007.37","6,037.59","2,904,530,000"
"Dec 24, 2024","5,984.63","6,040.10","5,981.44","6,040.04","1,757,720,000"
"Dec 23, 2024","5,940.25","5,978.25","5,902.57","5,974.07","3,593,280,000"
"Dec 20, 2024","5,842.00","5,982.06","5,832.30","5,930.85","8,223,220,000"
"Dec 19, 2024","5,912.71","5,935.52","5,866.07","5,867.08","4,896,880,000"
"Dec 18, 2024","6,047.65","6,070.67","5,867.79","5,872.16","5,246,960,000"
"Dec 17, 2024","6,052.55","6,057.68","6,035.19","6,050.61","4,544,500,000"
"Dec 16, 2024","6,063.79","6,085.19","6,059.14","6,074.08","4,391,100,000"
"Dec 13, 2024","6,068.17","6,078.58","6,035.77","6,051.09","3,584,960,000"
"Dec 12, 2024","6,074.29","6,079.68","6,051.25","6,051.25","3,678,010,000"
"Dec 11, 2024","6,060.15","6,092.59","6,060.15","6,084.19","4,269,950,000"
"Dec 10, 2024","6,057.59","6,065.40","6,029.89","6,034.91","4,048,410,000"
"Dec 9, 2024","6,083.01","6,088.51","6,048.63","6,052.85","4,556,460,000"
"Dec 6, 2024","6,081.38","6,099.97","6,079.98","6,090.27","3,924,830,000"
"Dec 5, 2024","6,089.03","6,094.55","6,072.90","6,075.11","4,212,020,000"
"Dec 4, 2024","6,069.39","6,089.84","6,061.06","6,086.49","4,003,390,000"
"Dec 3, 2024","6,042.97","6,052.07","6,033.39","6,049.88","4,095,000,000"
"Dec 2, 2024","6,040.11","6,053.58","6,035.33","6,047.15","4,412,470,000"
"Nov 29, 2024","6,003.98","6,044.17","6,003.98","6,032.38","2,444,420,000"
"Nov 27, 2024","6,014.11","6,020.16","5,984.87","5,998.74","3,363,340,000"
"Nov 26, 2024","6,000.03","6,025.42","5,992.27","6,021.63","3,835,170,000"
"Nov 25, 2024","5,992.28","6,020.75","5,963.91","5,987.37","5,633,150,000"
"Nov 22, 2024","5,944.36","5,972.90","5,944.36","5,969.34","4,141,420,000"
"Nov 21, 2024","5,940.58","5,963.32","5,887.26","5,948.71","4,230,120,000"
"Nov 20, 2024","5,914.34","5,920.67","5,860.56","5,917.11","3,772,620,000"
"Nov 19, 2024","5,870.05","5,923.51","5,855.29","5,916.98","4,036,940,000"
"Nov 18, 2024","5,874.17","5,908.12","5,865.95","5,893.62","3,983,860,000"
"Nov 15, 2024","5,912.79","5,915.32","5,853.01","5,870.62","4,590,960,000"
"Nov 14, 2024","5,989.68","5,993.88","5,942.28","5,949.17","4,184,570,000"
"Nov 13, 2024","5,985.75","6,008.19","5,965.91","5,985.38","4,220,180,000"
"Nov 12, 2024","6,003.60","6,009.92","5,960.08","5,983.99","4,243,400,000"
"Nov 11, 2024","6,008.86","6,017.31","5,986.69","6,001.35","4,333,000,000"
"Nov 8, 2024","5,976.76","6,012.45","5,976.76","5,995.54","4,666,740,000"
"Nov 7, 2024","5,947.21","5,983.84","5,947.21","5,973.10","4,925,740,000"
"Nov 6, 2024","5,864.89","5,936.14","5,864.89","5,929.04","6,329,530,000"
"Nov 5, 2024","5,722.43","5,783.44","5,722.10","5,782.76","3,768,310,000"
"Nov 4, 2024","5,725.15","5,741.43","5,696.51","5,712.69","3,602,060,000"
"Nov 1, 2024","5,723.22","5,772.52","5,723.22","5,728.80","3,796,450,000"
"Oct 31, 2024","5,775.34","5,775.34","5,702.86","5,705.45","4,425,660,000"
"Oct 30, 2024","5,832.65","5,850.94","5,811.28","5,813.67","3,851,120,000"
"Oct 29, 2024","5,819.68","5,847.19","5,802.17","5,832.92","3,879,100,000"
"Oct 28, 2024","5,833.93","5,842.92","5,823.08","5,823.52","3,691,280,000"
"Oct 25, 2024","5,826.75","5,862.82","5,799.98","5,808.12","3,501,280,000"
"Oct 24, 2024","5,817.80","5,817.80","5,784.92","5,809.86","3,543,030,000"
"Oct 23, 2024","5,834.50","5,834.85","5,762.41","5,797.42","3,532,650,000"
"Oct 22, 2024","5,832.70","5,863.04","5,821.17","5,851.20","3,342,080,000"
"Oct 21, 2024","5,857.82","5,866.92","5,824.79","5,853.98","3,407,010,000"
"Oct 18, 2024","5,859.43","5,872.17","5,846.11","5,864.67","3,374,490,000"
"Oct 17, 2024","5,875.62","5,878.46","5,840.25","5,841.47","3,480,010,000"
"Oct 16, 2024","5,816.58","5,846.52","5,808.34","5,842.47","3,467,230,000"
"Oct 15, 2024","5,866.74","5,870.36","5,804.48","5,815.26","3,882,120,000"
"Oct 14, 2024","5,829.81","5,871.41","5,829.57","5,859.85","3,005,250,000"
"Oct 11, 2024","5,775.09","5,822.13","5,775.09","5,815.03","3,208,720,000"
"Oct 10, 2024","5,778.36","5,795.03","5,764.76","5,780.05","3,208,790,000"
"Oct 9, 2024","5,751.80","5,796.80","5,745.02","5,792.04","3,650,340,000"
"Oct 8, 2024","5,719.14","5,757.60","5,714.56","5,751.13","3,393,400,000"
"Oct 7, 2024","5,737.80","5,739.34","5,686.85","5,695.94","3,637,790,000"
"Oct 4, 2024","5,737.48","5,753.21","5,702.83","5,751.07","3,479,400,000"
"Oct 3, 2024","5,698.19","5,718.78","5,677.37","5,699.94","3,597,450,000"
"Oct 2, 2024","5,698.14","5,719.63","5,674.00","5,709.54","3,829,050,000"
"Oct 1, 2024","5,757.73","5,757.73","5,681.28","5,708.75","4,025,180,000"
"Sep 30, 2024","5,726.52","5,765.14","5,703.53","5,762.48","4,425,730,000"
"Sep 27, 2024","5,755.36","5,763.78","5,727.34","5,738.17","3,898,530,000"
"Sep 26, 2024","5,762.22","5,767.37","5,721.01","5,745.37","4,391,180,000"
"Sep 25, 2024","5,733.65","5,741.03","5,712.06","5,722.26","3,624,910,000"
"Sep 24, 2024","5,727.66","5,735.32","5,698.99","5,732.93","3,872,710,000"
"Sep 23, 2024","5,711.90","5,725.36","5,704.22","5,718.57","3,529,550,000"
"Sep 20, 2024","5,709.64","5,715.14","5,674.49","5,702.55","7,867,260,000"
"Sep 19, 2024","5,702.63","5,733.57","5,686.42","5,713.64","4,024,530,000"
"Sep 18, 2024","5,641.68","5,689.75","5,615.08","5,618.26","3,691,390,000"
"Sep 17, 2024","5,655.51","5,670.81","5,614.05","5,634.58","3,443,600,000"
"Sep 16, 2024","5,615.21","5,636.05","5,604.53","5,633.09","3,437,070,000"
"Sep 13, 2024","5,603.34","5,636.27","5,601.65","5,626.02","3,500,790,000"
"Sep 12, 2024","5,557.48","5,600.71","5,535.50","5,595.76","3,655,070,000"
"Sep 11, 2024","5,496.42","5,560.41","5,406.96","5,554.13","3,839,450,000"
"Sep 10, 2024","5,490.51","5,497.91","5,441.72","5,495.52","3,848,180,000"
"Sep 9, 2024","5,442.07","5,484.20","5,434.49","5,471.05","3,825,940,000"
"Sep 6, 2024","5,507.33","5,522.47","5,402.62","5,408.42","3,822,800,000"
"Sep 5, 2024","5,520.08","5,546.30","5,480.54","5,503.41","3,521,650,000"
"Sep 4, 2024","5,506.68","5,552.99","5,503.66","5,520.07","3,478,140,000"
"Sep 3, 2024","5,623.89","5,623.89","5,504.33","5,528.93","3,866,350,000"
"Aug 30, 2024","5,612.74","5,651.37","5,581.79","5,648.40","4,185,850,000"
"Aug 29, 2024","5,607.30","5,646.95","5,583.71","5,591.96","3,065,640,000"
"Aug 28, 2024","5,624.51","5,627.03","5,560.95","5,592.18","3,053,450,000"
"Aug 27, 2024","5,602.89","5,631.18","5,593.48","5,625.80","2,798,990,000"
"Aug 26, 2024","5,639.66","5,651.62","5,602.34","5,616.84","2,938,570,000"
"Aug 23, 2024","5,602.49","5,641.82","5,585.16","5,634.61","3,291,940,000"
"Aug 22, 2024","5,637.77","5,643.22","5,560.95","5,570.64","2,981,530,000"
"Aug 21, 2024","5,603.09","5,632.68","5,591.57","5,620.85","3,119,670,000"
"Aug 20, 2024","5,602.88","5,620.51","5,585.50","5,597.12","2,994,420,000"
"Aug 19, 2024","5,557.23","5,608.30","5,550.74","5,608.25","3,222,050,000"
"Aug 16, 2024","5,530.50","5,561.98","5,525.17","5,554.25","3,357,690,000"
"Aug 15, 2024","5,501.13","5,546.23","5,501.13","5,543.22","3,723,310,000"
"Aug 14, 2024","5,442.36","5,463.22","5,415.91","5,455.21","3,380,050,000"
"Aug 13, 2024","5,376.98","5,436.50","5,376.98","5,434.43","3,648,980,000"
"Aug 12, 2024","5,351.88","5,371.20","5,324.37","5,344.39","3,360,160,000"
"Aug 9, 2024","5,314.66","5,358.67","5,300.84","5,344.16","3,516,400,000"
"Aug 8, 2024","5,252.57","5,328.03","5,233.85","5,319.31","4,016,830,000"
"Aug 7, 2024","5,293.13","5,330.64","5,195.54","5,199.50","4,558,260,000"
"Aug 6, 2024","5,206.42","5,312.34","5,193.56","5,240.03","4,690,190,000"
"Aug 5, 2024","5,151.14","5,250.89","5,119.26","5,186.33","5,333,250,000"
"Aug 2, 2024","5,376.63","5,383.89","5,302.03","5,346.56","5,156,450,000"
"Aug 1, 2024","5,537.84","5,566.16","5,410.42","5,446.68","4,703,620,000"
"Jul 31, 2024","5,505.59","5,551.51","5,493.75","5,522.30","4,546,910,000"
"Jul 30, 2024","5,478.73","5,489.46","5,401.70","5,436.44","3,777,740,000"
"Jul 29, 2024","5,476.55","5,487.74","5,444.44","5,463.54","3,379,970,000"
"Jul 26, 2024","5,433.67","5,488.32","5,430.70","5,459.10","3,638,770,000"
"Jul 25, 2024","5,428.70","5,491.59","5,390.95","5,399.22","4,592,120,000"
"Jul 24, 2024","5,505.84","5,508.04","5,419.98","5,427.13","3,945,550,000"
"Jul 23, 2024","5,565.30","5,585.34","5,550.90","5,555.74","3,500,210,000"
"Jul 22, 2024","5,544.54","5,570.36","5,529.04","5,564.41","3,375,180,000"
"Jul 19, 2024","5,543.37","5,557.50","5,497.04","5,505.00","3,760,570,000"
"Jul 18, 2024","5,608.56","5,614.05","5,522.81","5,544.59","4,007,510,000"
"Jul 17, 2024","5,610.07","5,622.49","5,584.81","5,588.27","4,246,450,000"
"Jul 16, 2024","5,644.09","5,669.67","5,639.02","5,667.20","4,041,760,000"
"Jul 15, 2024","5,638.16","5,666.94","5,614.75","5,631.22","3,620,470,000"
"Jul 12, 2024","5,590.76","5,655.56","5,590.44","5,615.35","3,700,280,000"
"Jul 11, 2024","5,635.21","5,642.45","5,576.53","5,584.54","4,020,950,000"
"Jul 10, 2024","5,591.26","5,635.39","5,586.44","5,633.91","3,336,100,000"
"Jul 9, 2024","5,584.24","5,590.75","5,574.57","5,576.98","3,232,920,000"
"Jul 8, 2024","5,572.75","5,583.11","5,562.51","5,572.85","3,185,670,000"
"Jul 5, 2024","5,537.91","5,570.33","5,531.63","5,567.19","3,253,080,000"
"Jul 3, 2024","5,507.44","5,539.27","5,507.42","5,537.02","2,179,470,000"
"Jul 2, 2024","5,461.84","5,509.69","5,458.43","5,509.01","3,329,950,000"
"Jul 1, 2024","5,471.08","5,479.55","5,446.53","5,475.09","3,488,760,000"
"Jun 28, 2024","5,488.48","5,523.64","5,451.12","5,460.48","7,199,220,000"
"Jun 27, 2024","5,473.59","5,490.81","5,467.54","5,482.87","3,589,530,000"
"Jun 26, 2024","5,460.71","5,483.14","5,451.87","5,477.90","3,563,920,000"
"Jun 25, 2024","5,460.73","5,472.88","5,446.56","5,469.30","3,591,960,000"
"Jun 24, 2024","5,459.58","5,490.66","5,447.59","5,447.87","3,696,750,000"
"Jun 21, 2024","5,466.77","5,478.31","5,452.03","5,464.62","6,773,800,000"
"Jun 20, 2024","5,499.99","5,505.53","5,455.56","5,473.17","3,847,060,000"
"Jun 18, 2024","5,476.15","5,490.38","5,471.32","5,487.03","3,544,330,000"
"Jun 17, 2024","5,431.11","5,488.50","5,420.40","5,473.23","3,447,840,000"
"Jun 14, 2024","5,424.08","5,432.39","5,403.75","5,431.60","3,438,650,000"
"Jun 13, 2024","5,441.93","5,441.93","5,402.51","5,433.74","3,530,380,000"
"Jun 12, 2024","5,409.13","5,447.25","5,409.13","5,421.03","3,962,840,000"
"Jun 11, 2024","5,353.00","5,375.95","5,327.25","5,375.32","3,568,030,000"
"Jun 10, 2024","5,341.22","5,365.79","5,331.52","5,360.79","3,622,280,000"
"Jun 7, 2024","5,343.81","5,375.08","5,331.33","5,346.99","3,692,760,000"
"Jun 6, 2024","5,357.80","5,362.35","5,335.36","5,352.96","3,609,990,000"
"Jun 5, 2024","5,314.48","5,354.16","5,297.64","5,354.03","3,591,460,000"
"Jun 4, 2024","5,278.24","5,298.80","5,257.63","5,291.34","3,707,900,000"
"Jun 3, 2024","5,297.15","5,302.11","5,234.32","5,283.40","4,046,920,000"
"May 31, 2024","5,243.21","5,280.33","5,191.68","5,277.51","5,437,160,000"
"May 30, 2024","5,259.77","5,260.21","5,222.10","5,235.48","3,818,750,000"
"May 29, 2024","5,278.73","5,282.27","5,262.70","5,266.95","3,552,750,000"
"May 28, 2024","5,315.91","5,315.91","5,280.89","5,306.04","3,751,540,000"
"May 24, 2024","5,281.45","5,311.65","5,278.39","5,304.72","3,005,510,000"
"May 23, 2024","5,340.26","5,341.88","5,256.93","5,267.84","3,869,520,000"
"May 22, 2024","5,319.28","5,323.18","5,286.01","5,307.01","3,847,130,000"
"May 21, 2024","5,298.69","5,324.32","5,297.87","5,321.41","3,662,240,000"
"May 20, 2024","5,305.35","5,325.32","5,302.40","5,308.13","3,420,100,000"
"May 17, 2024","5,303.10","5,305.45","5,283.59","5,303.27","3,578,120,000"
"May 16, 2024","5,310.07","5,325.49","5,296.19","5,297.10","3,817,470,000"
"May 15, 2024","5,263.26","5,311.76","5,263.26","5,308.15","4,360,810,000"
"May 14, 2024","5,221.10","5,250.37","5,217.98","5,246.68","4,763,580,000"
"May 13, 2024","5,233.08","5,237.26","5,211.16","5,221.42","4,255,710,000"
"May 10, 2024","5,225.49","5,239.66","5,209.68","5,222.68","3,617,900,000"
"May 9, 2024","5,189.03","5,215.30","5,180.41","5,214.08","3,727,370,000"
"May 8, 2024","5,168.98","5,191.95","5,165.86","5,187.67","3,842,100,000"
"May 7, 2024","5,187.20","5,200.23","5,178.96","5,187.70","3,987,890,000"
"May 6, 2024","5,142.42","5,181.00","5,142.42","5,180.74","3,683,250,000"
"May 3, 2024","5,122.78","5,139.12","5,101.22","5,127.79","3,924,990,000"
"May 2, 2024","5,049.32","5,073.21","5,011.05","5,064.20","4,381,660,000"
"May 1, 2024","5,029.03","5,096.12","5,013.45","5,018.39","4,544,170,000"
"Apr 30, 2024","5,103.78","5,110.83","5,035.31","5,035.69","4,082,470,000"
"Apr 29, 2024","5,114.13","5,123.49","5,088.65","5,116.17","3,447,450,000"
"Apr 26, 2024","5,084.65","5,114.62","5,073.14","5,099.96","3,604,140,000"
"Apr 25, 2024","5,019.88","5,057.75","4,990.58","5,048.42","3,958,050,000"
"Apr 24, 2024","5,084.86","5,089.48","5,047.02","5,071.63","3,656,740,000"
"Apr 23, 2024","5,028.85","5,076.12","5,027.96","5,070.55","3,751,400,000"
"Apr 22, 2024","4,987.33","5,038.84","4,969.40","5,010.60","3,820,250,000"
"Apr 19, 2024","5,005.44","5,019.02","4,953.56","4,967.23","3,878,750,000"
"Apr 18, 2024","5,031.52","5,056.66","5,001.89","5,011.12","3,619,760,000"
"Apr 17, 2024","5,068.97","5,077.96","5,007.25","5,022.21","3,596,130,000"
"Apr 16, 2024","5,064.59","5,079.84","5,039.83","5,051.41","4,006,200,000"
"Apr 15, 2024","5,149.67","5,168.43","5,052.47","5,061.82","3,950,210,000"
"Apr 12, 2024","5,171.51","5,175.03","5,107.94","5,123.41","3,963,220,000"
"Apr 11, 2024","5,172.95","5,211.78","5,138.77","5,199.06","3,509,380,000"
"Apr 10, 2024","5,167.88","5,178.43","5,138.70","5,160.64","3,845,930,000"
"Apr 9, 2024","5,217.03","5,224.81","5,160.78","5,209.91","3,400,680,000"
"Apr 8, 2024","5,211.37","5,219.57","5,197.35","5,202.39","3,278,180,000"
"Apr 5, 2024","5,158.95","5,222.18","5,157.21","5,204.34","3,386,780,000"
"Apr 4, 2024","5,244.05","5,256.59","5,146.06","5,147.21","4,075,680,000"
"Apr 3, 2024","5,194.37","5,228.75","5,194.37","5,211.49","3,703,250,000"
"Apr 2, 2024","5,204.29","5,208.34","5,184.05","5,205.81","3,886,590,000"
"Apr 1, 2024","5,257.97","5,263.95","5,229.20","5,243.77","3,325,930,000"
"Mar 28, 2024","5,248.03","5,264.85","5,245.82","5,254.35","3,998,270,000"
"Mar 27, 2024","5,226.31","5,249.26","5,213.92","5,248.49","3,850,500,000"
"Mar 26, 2024","5,228.85","5,235.16","5,203.42","5,203.58","3,871,790,000"
"Mar 25, 2024","5,219.52","5,229.09","5,216.09","5,218.19","3,331,360,000"
"Mar 22, 2024","5,242.48","5,246.09","5,229.87","5,234.18","3,374,700,000"
"Mar 21, 2024","5,253.43","5,261.10","5,240.66","5,241.53","4,207,730,000"
"Mar 20, 2024","5,181.69","5,226.19","5,171.55","5,224.62","4,064,850,000"
"Mar 19, 2024","5,139.09","5,180.31","5,131.59","5,178.51","4,031,760,000"
"Mar 18, 2024","5,154.77","5,175.60","5,145.47","5,149.42","4,036,220,000"
"Mar 15, 2024","5,123.31","5,136.86","5,104.35","5,117.09","7,753,670,000"
"Mar 14, 2024","5,175.14","5,176.85","5,123.30","5,150.48","4,687,970,000"
"Mar 13, 2024","5,173.49","5,179.14","5,151.88","5,165.31","4,282,890,000"
"Mar 12, 2024","5,134.30","5,179.87","5,114.48","5,175.27","4,080,510,000"
"Mar 11, 2024","5,111.96","5,124.66","5,091.14","5,117.94","3,896,430,000"
"Mar 8, 2024","5,164.46","5,189.26","5,117.50","5,123.69","4,208,870,000"
"Mar 7, 2024","5,132.38","5,165.62","5,128.21","5,157.36","4,137,980,000"
"Mar 6, 2024","5,108.03","5,127.97","5,092.22","5,104.76","4,559,050,000"
"Mar 5, 2024","5,110.52","5,114.54","5,056.82","5,078.65","4,418,410,000"
"Mar 4, 2024","5,130.99","5,149.67","5,127.18","5,130.95","4,758,440,000"
"Mar 1, 2024","5,098.51","5,140.33","5,094.16","5,137.08","4,748,110,000"
"Feb 29, 2024","5,085.36","5,104.99","5,061.89","5,096.27","5,219,740,000"
"Feb 28, 2024","5,067.20","5,077.37","5,058.35","5,069.76","3,789,370,000"
"Feb 27, 2024","5,074.60","5,080.69","5,057.29","5,078.18","3,925,950,000"
"Feb 26, 2024","5,093.00","5,097.66","5,068.91","5,069.53","3,683,930,000"
"Feb 23, 2024","5,100.92","5,111.06","5,081.46","5,088.80","3,672,790,000"
"Feb 22, 2024","5,038.83","5,094.39","5,038.83","5,087.03","4,051,710,000"
"Feb 21, 2024","4,963.03","4,983.21","4,946.00","4,981.80","3,788,390,000"
"Feb 20, 2024","4,989.32","4,993.71","4,955.02","4,975.51","4,034,880,000"
"Feb 16, 2024","5,031.13","5,038.70","4,999.52","5,005.57","3,833,270,000"
"Feb 15, 2024","5,003.14","5,032.72","4,999.44","5,029.73","4,137,970,000"
"Feb 14, 2024","4,976.44","5,002.52","4,956.45","5,000.62","3,845,600,000"
"Feb 13, 2024","4,967.94","4,971.30","4,920.31","4,953.17","4,302,190,000"
"Feb 12, 2024","5,026.83","5,048.39","5,016.83","5,021.84","3,805,740,000"
"Feb 9, 2024","5,004.17","5,030.06","5,000.34","5,026.61","3,912,990,000"
"Feb 8, 2024","4,995.16","5,000.40","4,987.09","4,997.91","4,341,860,000"
"Feb 7, 2024","4,973.05","4,999.89","4,969.05","4,995.06","4,895,590,000"
"Feb 6, 2024","4,950.16","4,957.77","4,934.88","4,954.23","4,440,880,000"
"Feb 5, 2024","4,957.19","4,957.19","4,918.09","4,942.81","4,023,640,000"
"Feb 2, 2024","4,916.06","4,975.29","4,907.99","4,958.61","3,974,350,000"
"Feb 1, 2024","4,861.11","4,906.97","4,853.52","4,906.19","4,386,090,000"
"Jan 31, 2024","4,899.19","4,906.75","4,845.15","4,845.65","4,696,120,000"
"Jan 30, 2024","4,925.89","4,931.09","4,916.27","4,924.97","3,836,130,000"
"Jan 29, 2024","4,892.95","4,929.31","4,887.40","4,927.93","3,525,160,000"
"Jan 26, 2024","4,888.91","4,906.69","4,881.47","4,890.97","3,353,400,000"
"Jan 25, 2024","4,886.66","4,898.15","4,869.34","4,894.16","4,020,430,000"
"Jan 24, 2024","4,888.56","4,903.68","4,865.94","4,868.55","4,330,030,000"
"Jan 23, 2024","4,856.80","4,866.48","4,844.37","4,864.60","3,912,800,000"
"Jan 22, 2024","4,853.42","4,868.41","4,844.05","4,850.43","4,297,610,000"
"Jan 19, 2024","4,796.28","4,842.07","4,785.87","4,839.81","4,287,200,000"
"Jan 18, 2024","4,760.10","4,785.79","4,740.57","4,780.94","4,019,000,000"
"Jan 17, 2024","4,739.13","4,744.23","4,714.82","4,739.21","3,928,600,000"
"Jan 16, 2024","4,772.35","4,782.34","4,747.12","4,765.98","4,260,550,000"
"Jan 12, 2024","4,791.18","4,802.40","4,768.98","4,783.83","3,486,340,000"
"Jan 11, 2024","4,792.13","4,798.50","4,739.58","4,780.24","3,759,890,000"
"Jan 10, 2024","4,759.94","4,790.80","4,756.20","4,783.45","3,498,680,000"
"Jan 9, 2024","4,741.93","4,765.47","4,730.35","4,756.50","3,529,960,000"
"Jan 8, 2024","4,703.70","4,764.54","4,699.82","4,763.54","3,742,320,000"
"Jan 5, 2024","4,690.57","4,721.49","4,682.11","4,697.24","3,844,370,000"
"Jan 4, 2024","4,697.42","4,726.78","4,687.53","4,688.68","3,715,480,000"
"Jan 3, 2024","4,725.07","4,729.29","4,699.71","4,704.81","3,950,760,000"
"Jan 2, 2024","4,745.20","4,754.33","4,722.67","4,742.83","3,743,050,000"